"efficiency_rank","household_id","neighbourhood","home_type","residents","solar_kw","consumed_kwh","grid_import_kwh","solar_export_kwh","kwh_per_resident","annual_bill","annual_bill_per_resident","insight_segment"
1,12,"Harbourview","detached",6,7.2,7039.2,4916.6,5053.9,1173.2,2152.37,358.73,"solar leader"
2,16,"Westfield","detached",5,6,6272,4502.4,4213.1,1254.4,1985.73,397.15,"solar leader"
3,7,"East Park","detached",5,6.4,6272.7,4360.9,4552,1254.5,1965.52,393.1,"solar leader"
4,10,"Harbourview","townhouse",4,1.8,5103.2,4753.7,832.2,1275.8,1917.71,479.43,"lean user"
5,4,"Northbank","detached",4,5.8,5504.7,3732.7,4218.9,1376.2,1768.19,442.05,"solar leader"
6,11,"Harbourview","detached",4,5,5505.4,4017.9,3541.8,1376.4,1809.18,452.3,"solar leader"
7,15,"Westfield","detached",4,4.8,5505.4,4089,3372.5,1376.4,1819.14,454.79,"lean user"
8,3,"Northbank","townhouse",3,3.5,4334.9,3307.1,2447.4,1445,1537.94,512.65,"steady user"
9,14,"Westfield","townhouse",3,2.5,4335.6,3663.3,1600.8,1445.2,1743.24,581.08,"steady user"
10,8,"East Park","detached",3,4,4738.5,3532.8,2870.6,1579.5,1803.89,601.3,"steady user"
11,13,"Westfield","apartment",2,0,3166.8,3166.8,0,1583.4,1368.95,684.48,"steady user"
12,2,"Northbank","apartment",2,0,3167.5,3167.5,0,1583.8,1442.06,721.03,"steady user"
13,5,"East Park","apartment",2,0,3168.3,3168.3,0,1584.1,1369.38,684.69,"steady user"
14,6,"East Park","townhouse",2,2.2,3568.4,2929.4,1521.3,1784.2,1376.73,688.37,"steady user"
15,1,"Northbank","apartment",1,0,2401.2,2401.2,0,2401.2,1134.27,1134.27,"high cost"
16,9,"Harbourview","apartment",1,0,2401.2,2401.2,0,2401.2,1181.49,1181.49,"high cost"
