"month","grid_import_kwh","solar_export_kwh","estimated_bill","month_over_month_import_kwh"
"2025-01",4181.9,4173.2,2125.69,NA
"2025-02",3814.8,3769.2,1932.64,-367.2
"2025-03",4382,2693.9,2056.41,567.2
"2025-04",4214.4,2606.6,1982.2,-167.6
"2025-05",4359.7,2693.3,2049.69,145.3
"2025-06",6964.3,1381.9,2708.92,2604.6
"2025-07",7156.4,1427.6,2787.43,192
"2025-08",7213.5,1428,2804.34,57.1
"2025-09",3829.6,3256.3,1910.56,-3383.9
"2025-10",3956,3365.3,1973.81,126.4
"2025-11",3860.3,3256.3,1919.87,-95.7
"2025-12",4177.9,4173.1,2124.23,317.6
