weekday,bucket,grid,records
Mon,2025-01,0.0,0
Mon,2025-02,19.0,1
Mon,2025-03,16.2,1
Mon,2025-04,0.0,0
Mon,2025-05,0.0,0
Mon,2025-06,20.2,1
Tue,2025-01,0.0,0
Tue,2025-02,0.0,0
Tue,2025-03,0.0,0
Tue,2025-04,13.0,1
Tue,2025-05,0.0,0
Tue,2025-06,22.2,1
Wed,2025-01,13.8,1
Wed,2025-02,0.0,0
Wed,2025-03,0.0,0
Wed,2025-04,12.9,1
Wed,2025-05,0.0,0
Wed,2025-06,0.0,0
Thu,2025-01,13.2,1
Thu,2025-02,0.0,0
Thu,2025-03,0.0,0
Thu,2025-04,19.7,1
Thu,2025-05,15.3,1
Thu,2025-06,0.0,0
Fri,2025-01,18.9,1
Fri,2025-02,0.0,0
Fri,2025-03,0.0,0
Fri,2025-04,0.0,0
Fri,2025-05,12.3,1
Fri,2025-06,0.0,0
Sat,2025-01,0.0,0
Sat,2025-02,10.7,1
Sat,2025-03,9.4,1
Sat,2025-04,0.0,0
Sat,2025-05,13.9,1
Sat,2025-06,0.0,0
Sun,2025-01,0.0,0
Sun,2025-02,11.1,1
Sun,2025-03,9.7,1
Sun,2025-04,0.0,0
Sun,2025-05,0.0,0
Sun,2025-06,21.2,1
