"month","grid_import_kwh","solar_export_kwh","consumed_kwh","peak_kwh","shoulder_kwh","offpeak_kwh","estimated_bill","month_over_month_import_kwh"
"2024-07",2058.3,41.5,2099.8,838.5,754.5,506.8,799.41,NA
"2024-08",1995.8,69.8,2065.7,817.4,752.2,496.1,785.85,-62.5
"2024-09",1653.4,128.3,1781.7,692.7,668.8,420.2,687.05,-342.4
"2024-10",1404.3,230.5,1634.7,628.5,612.1,394.1,636.74,-249.1
"2024-11",1503.2,292,1795.2,700.6,664.2,430.4,679.6,99
"2024-12",1609.5,384.4,1993.8,789.9,725.4,478.6,741.5,106.3
"2025-01",1706.5,400.1,2106.6,838.3,763,505.3,776.31,97
"2025-02",1473.7,343.4,1817,714.5,669.4,433.1,674.62,-232.8
"2025-03",1533.5,303,1836.6,713.1,681.9,441.6,695.7,59.8
"2025-04",1383,218.1,1601.1,615.9,602.4,382.8,622.78,-150.5
"2025-05",1715.4,133.8,1849.2,726.1,682.1,441,713,332.4
"2025-06",1921.4,63.3,1984.6,783.5,722.2,478.9,755.9,206
