"day","household_id","neighbourhood","peak_kwh","shoulder_kwh","offpeak_kwh","solar_export_kwh","grid_import_kwh","estimated_bill"
"2024-07-01","H-101","Northbank",7.87,6.73,4.94,0.63,18.92,7.24
"2024-07-01","H-102","Northbank",5.59,4.68,3.75,0,14.02,5.52
"2024-07-01","H-201","East Park",9.9,9.68,5.51,0.94,24.15,9
"2024-07-01","H-202","East Park",3.9,3.71,2.06,0,9.67,4.22
"2024-07-02","H-101","Northbank",5.45,6.25,3.45,0.47,14.67,5.81
"2024-07-02","H-102","Northbank",5.8,4.52,3.17,0,13.48,5.45
"2024-07-02","H-201","East Park",8.85,10.87,5.06,0.87,23.91,8.81
"2024-07-02","H-202","East Park",3.59,2.93,2.51,0,9.02,3.95
"2024-07-03","H-101","Northbank",7.39,6.69,5.09,0.79,18.38,7.04
"2024-07-03","H-102","Northbank",6,4.78,3.36,0,14.14,5.65
"2024-07-03","H-201","East Park",9.36,9.53,5.6,1.02,23.48,8.74
"2024-07-03","H-202","East Park",3.38,3.37,2.29,0,9.05,3.95
"2024-07-04","H-101","Northbank",8.15,6.99,5.03,0.58,19.59,7.44
"2024-07-04","H-102","Northbank",5.12,4.19,2.84,0,12.15,5.01
"2024-07-04","H-201","East Park",11.55,8.92,6.73,0.92,26.29,9.71
"2024-07-04","H-202","East Park",3.92,3.57,2.14,0,9.63,4.2
"2024-07-05","H-101","Northbank",6.88,6.66,3.77,0.46,16.86,6.59
"2024-07-05","H-102","Northbank",5.14,4.56,2.6,0,12.3,5.08
"2024-07-05","H-201","East Park",9.49,10.5,6.33,0.77,25.56,9.23
"2024-07-05","H-202","East Park",3.89,3.88,2.19,0,9.95,4.28
"2024-07-06","H-101","Northbank",9.77,8.01,6.36,0.51,23.63,8.67
"2024-07-06","H-102","Northbank",6.01,5,3.74,0,14.74,5.78
"2024-07-06","H-201","East Park",9.42,8.66,6.35,0.89,23.53,8.67
"2024-07-06","H-202","East Park",4.26,4.04,2.49,0,10.8,4.55
"2024-07-07","H-101","Northbank",8,9.09,5.04,0.53,21.6,7.98
"2024-07-07","H-102","Northbank",6.24,5.87,3.63,0,15.74,6.11
"2024-07-07","H-201","East Park",10.59,9.38,5.71,0.81,24.87,9.25
"2024-07-07","H-202","East Park",3.9,3.26,2.59,0,9.75,4.19
"2024-07-08","H-101","Northbank",6.61,5.37,3.57,0.57,14.98,6.07
"2024-07-08","H-102","Northbank",5.6,5.22,2.94,0,13.76,5.52
"2024-07-08","H-201","East Park",11.07,9.46,6.11,0.81,25.85,9.56
"2024-07-08","H-202","East Park",2.75,2.93,2.07,0,7.75,3.52
"2024-07-09","H-101","Northbank",7.4,7.42,4.13,0.51,18.43,7.08
"2024-07-09","H-102","Northbank",4.93,5.44,3.17,0,13.55,5.35
"2024-07-09","H-201","East Park",10.59,8.42,6.04,0.62,24.43,9.06
"2024-07-09","H-202","East Park",3.8,3.28,2.19,0,9.27,4.08
"2024-07-10","H-101","Northbank",7.68,6.52,4.53,0.71,18.02,7.01
"2024-07-10","H-102","Northbank",5.47,5.77,3.49,0,14.73,5.73
"2024-07-10","H-201","East Park",10.51,9.55,5.65,0.77,24.94,9.26
"2024-07-10","H-202","East Park",3.91,3.08,2.3,0,9.3,4.09
"2024-07-11","H-101","Northbank",7.03,6.25,4.51,0.64,17.15,6.66
"2024-07-11","H-102","Northbank",4.17,4.83,2.55,0,11.55,4.74
"2024-07-11","H-201","East Park",10.75,9.58,7.41,0.62,27.12,9.71
"2024-07-11","H-202","East Park",3.5,3.11,2.48,0,9.09,3.96
"2024-07-12","H-101","Northbank",7.42,6.51,4.58,0.54,17.97,6.92
"2024-07-12","H-102","Northbank",5.06,4.81,3.12,0,12.98,5.21
"2024-07-12","H-201","East Park",10.95,9.05,7.99,0.84,27.14,9.74
"2024-07-12","H-202","East Park",3.63,3.8,2.28,0,9.71,4.17
"2024-07-13","H-101","Northbank",9.28,7.28,5.22,0.49,21.29,8.04
"2024-07-13","H-102","Northbank",6.23,6.34,4.37,0,16.95,6.37
"2024-07-13","H-201","East Park",11.38,9.54,7.29,0.53,27.68,9.95
"2024-07-13","H-202","East Park",3.68,2.83,2.51,0,9.02,3.97
"2024-07-14","H-101","Northbank",9.02,8.88,5.24,0.4,22.74,8.39
"2024-07-14","H-102","Northbank",5.64,4.92,3.06,0,13.62,5.48
"2024-07-14","H-201","East Park",11.57,11.03,7.19,0.85,28.96,10.41
"2024-07-14","H-202","East Park",3.79,4.01,2.18,0,9.97,4.28
"2024-07-15","H-101","Northbank",8.12,7.2,5.2,0.48,20.05,7.53
"2024-07-15","H-102","Northbank",4.14,4.77,2.62,0,11.53,4.72
"2024-07-15","H-201","East Park",8.85,8.27,5.1,0.82,21.39,8.09
"2024-07-15","H-202","East Park",3.98,4.02,2.47,0,10.47,4.42
"2024-07-16","H-101","Northbank",8.59,7.74,4.64,0.63,20.34,7.76
"2024-07-16","H-102","Northbank",4.48,4.32,2.75,0,11.56,4.77
"2024-07-16","H-201","East Park",10.11,7.7,6.13,0.77,23.17,8.66
"2024-07-16","H-202","East Park",4.17,3.09,2.26,0,9.52,4.2
"2024-07-17","H-101","Northbank",7.52,6.4,4.85,0.5,18.27,6.99
"2024-07-17","H-102","Northbank",5,4.64,2.96,0,12.61,5.11
"2024-07-17","H-201","East Park",9.81,10.64,5.15,0.67,24.92,9.18
"2024-07-17","H-202","East Park",3.96,3.16,2.32,0,9.44,4.14
"2024-07-18","H-101","Northbank",7.83,7.09,4.24,0.43,18.72,7.2
"2024-07-18","H-102","Northbank",5.09,4.85,2.95,0,12.9,5.21
"2024-07-18","H-201","East Park",8.41,7.25,5.34,0.76,20.24,7.67
"2024-07-18","H-202","East Park",3.92,3.82,2.47,0,10.21,4.33
"2024-07-19","H-101","Northbank",7.62,6.94,4.31,0.5,18.37,7.08
"2024-07-19","H-102","Northbank",4.87,3.88,2.9,0,11.64,4.83
"2024-07-19","H-201","East Park",10.49,7.28,6.8,0.76,23.82,8.84
"2024-07-19","H-202","East Park",3.2,3.07,1.93,0,8.2,3.72
"2024-07-20","H-101","Northbank",7.92,6.98,4.42,0.48,18.85,7.24
"2024-07-20","H-102","Northbank",5.41,4.57,3.61,0,13.59,5.39
"2024-07-20","H-201","East Park",12.14,10.87,6.73,0.74,29,10.52
"2024-07-20","H-202","East Park",4.28,3.43,2.6,0,10.31,4.4
"2024-07-21","H-101","Northbank",7.85,8.29,4.96,0.62,20.47,7.66
"2024-07-21","H-102","Northbank",5.9,4.42,3.65,0,13.97,5.56
"2024-07-21","H-201","East Park",12.88,11.17,7.11,0.59,30.57,11
"2024-07-21","H-202","East Park",4.83,3.52,2.86,0,11.2,4.71
"2024-07-22","H-101","Northbank",7.63,6.38,5.14,0.53,18.62,7.08
"2024-07-22","H-102","Northbank",5.9,4.37,3.56,0,13.83,5.53
"2024-07-22","H-201","East Park",9.31,8.94,6.14,0.57,23.82,8.69
"2024-07-22","H-202","East Park",3.18,3.17,2.16,0,8.51,3.78
"2024-07-23","H-101","Northbank",7.26,7.84,4.57,0.42,19.25,7.23
"2024-07-23","H-102","Northbank",5.88,5.44,2.94,0,14.27,5.7
"2024-07-23","H-201","East Park",9.31,9.86,5.53,0.81,23.89,8.81
"2024-07-23","H-202","East Park",3.3,2.74,2.13,0,8.17,3.71
"2024-07-24","H-101","Northbank",6.9,6.95,4.08,0.53,17.4,6.73
"2024-07-24","H-102","Northbank",4.2,3.82,2.6,0,10.62,4.48
"2024-07-24","H-201","East Park",10.88,9.23,6.28,0.72,25.66,9.44
"2024-07-24","H-202","East Park",3.71,2.8,2.48,0,8.99,3.96
"2024-07-25","H-101","Northbank",8,6.59,4.61,0.52,18.69,7.2
"2024-07-25","H-102","Northbank",4.74,4.17,2.93,0,11.85,4.87
"2024-07-25","H-201","East Park",10.2,8.12,6.46,0.85,23.93,8.88
"2024-07-25","H-202","East Park",2.77,3.02,1.89,0,7.68,3.52
"2024-07-26","H-101","Northbank",7.05,6.43,3.9,0.5,16.89,6.62
"2024-07-26","H-102","Northbank",5.72,4.96,3.42,0,14.09,5.59
"2024-07-26","H-201","East Park",9.49,8.39,5.26,0.96,22.17,8.41
"2024-07-26","H-202","East Park",2.93,2.62,2.01,0,7.56,3.5
"2024-07-27","H-101","Northbank",8.84,8.51,5.51,0.5,22.36,8.26
"2024-07-27","H-102","Northbank",5.68,4.35,4.19,0,14.22,5.55
"2024-07-27","H-201","East Park",10.18,8.92,5.76,0.99,23.87,8.95
"2024-07-27","H-202","East Park",4.6,4.04,2.67,0,11.31,4.72
"2024-07-28","H-101","Northbank",9.1,6.19,5.7,0.44,20.55,7.76
"2024-07-28","H-102","Northbank",6.04,5.85,4.6,0,16.49,6.2
"2024-07-28","H-201","East Park",12.89,9.92,7.87,0.91,29.77,10.77
"2024-07-28","H-202","East Park",4.06,2.71,2.45,0,9.22,4.08
"2024-07-29","H-101","Northbank",5.34,4.4,3.28,0.6,12.43,5.21
"2024-07-29","H-102","Northbank",5.35,4.27,3.06,0,12.67,5.17
"2024-07-29","H-201","East Park",9.61,9.74,5.52,0.95,23.92,8.89
"2024-07-29","H-202","East Park",3.46,3.29,2.01,0,8.76,3.91
"2024-07-30","H-101","Northbank",6.89,6.97,4.47,0.53,17.8,6.81
"2024-07-30","H-102","Northbank",5.2,4.79,3.03,0,13.02,5.25
"2024-07-30","H-201","East Park",9.79,8.84,5.48,0.83,23.28,8.72
"2024-07-30","H-202","East Park",4.07,3.14,2.46,0,9.66,4.2
"2024-07-31","H-101","Northbank",7.35,5.89,4.39,0.7,16.94,6.67
"2024-07-31","H-102","Northbank",5.73,3.85,3.22,0,12.8,5.25
"2024-07-31","H-201","East Park",8.21,9.03,4.78,0.84,21.19,7.98
"2024-07-31","H-202","East Park",3.58,3,2.38,0,8.96,3.95
"2024-08-01","H-101","Northbank",7.64,6.48,4.15,0.67,17.6,6.91
"2024-08-01","H-102","Northbank",5.38,4.88,2.96,0,13.22,5.34
"2024-08-01","H-201","East Park",7.93,7.71,4.72,1.01,19.34,7.46
"2024-08-01","H-202","East Park",4.3,3.69,2.58,0,10.57,4.48
"2024-08-02","H-101","Northbank",8.39,7.13,4.84,0.7,19.67,7.54
"2024-08-02","H-102","Northbank",4.53,4.44,3.19,0,12.16,4.9
"2024-08-02","H-201","East Park",8.11,7.46,4.44,0.91,19.1,7.42
"2024-08-02","H-202","East Park",3.18,3.32,1.87,0,8.36,3.77
"2024-08-03","H-101","Northbank",8.86,9.66,5.18,0.62,23.09,8.52
"2024-08-03","H-102","Northbank",5.5,6.01,3.66,0,15.18,5.84
"2024-08-03","H-201","East Park",10.45,8.67,5.88,0.89,24.12,9.02
"2024-08-03","H-202","East Park",4.56,4.54,2.34,0,11.44,4.78
"2024-08-04","H-101","Northbank",8.95,7.06,5.05,0.6,20.47,7.81
"2024-08-04","H-102","Northbank",6.49,5.67,3.52,0,15.68,6.13
"2024-08-04","H-201","East Park",9.14,8.27,6.95,0.91,23.45,8.56
"2024-08-04","H-202","East Park",4.51,4.05,2.8,0,11.36,4.71
"2024-08-05","H-101","Northbank",7.04,7.59,3.95,0.55,18.03,6.95
"2024-08-05","H-102","Northbank",5.26,4.29,3.06,0,12.6,5.14
"2024-08-05","H-201","East Park",9.48,9.66,5.65,0.99,23.8,8.84
"2024-08-05","H-202","East Park",3.68,3.25,2.23,0,9.15,4.03
"2024-08-06","H-101","Northbank",7.27,7.06,4.47,0.7,18.1,6.98
"2024-08-06","H-102","Northbank",4.42,3.86,3.11,0,11.39,4.68
"2024-08-06","H-201","East Park",9.98,10.22,6.15,1.27,25.08,9.28
"2024-08-06","H-202","East Park",2.92,2.73,2.16,0,7.8,3.55
"2024-08-07","H-101","Northbank",7.25,6.81,4.1,0.69,17.48,6.83
"2024-08-07","H-102","Northbank",4.83,4.6,2.85,0,12.28,5.01
"2024-08-07","H-201","East Park",8.94,7.97,5.69,0.95,21.64,8.15
"2024-08-07","H-202","East Park",3.78,3.6,2.02,0,9.4,4.13
"2024-08-08","H-101","Northbank",7.04,6.06,4.87,0.62,17.36,6.69
"2024-08-08","H-102","Northbank",4.36,3.47,2.58,0,10.4,4.44
"2024-08-08","H-201","East Park",8.76,9.76,4.89,0.96,22.45,8.42
"2024-08-08","H-202","East Park",3.55,2.76,2.08,0,8.39,3.81
"2024-08-09","H-101","Northbank",8.52,6.33,4.32,0.73,18.45,7.27
"2024-08-09","H-102","Northbank",4.62,3.77,2.97,0,11.36,4.71
"2024-08-09","H-201","East Park",29.53,25.79,17.19,0.99,71.52,23.97
"2024-08-09","H-202","East Park",3.69,3.7,2.44,0,9.83,4.2
"2024-08-10","H-101","Northbank",8.11,8.51,4.8,0.6,20.83,7.81
"2024-08-10","H-102","Northbank",5.08,6.25,3.14,0,14.47,5.63
"2024-08-10","H-201","East Park",9.82,8.06,6.22,0.83,23.26,8.65
"2024-08-10","H-202","East Park",4.38,3.7,2.97,0,11.06,4.59
"2024-08-11","H-101","Northbank",7.83,8.52,4.43,0.76,20.02,7.61
"2024-08-11","H-102","Northbank",5.8,4.94,2.95,0,13.69,5.53
"2024-08-11","H-201","East Park",10.48,10.71,6.96,1.31,26.83,9.78
"2024-08-11","H-202","East Park",4.5,3.95,3,0,11.46,4.72
"2024-08-12","H-101","Northbank",8.62,7.08,4.65,0.76,19.59,7.58
"2024-08-12","H-102","Northbank",4.78,4.52,2.83,0,12.13,4.96
"2024-08-12","H-201","East Park",10.11,8.77,6.9,1.21,24.57,9.08
"2024-08-12","H-202","East Park",3.39,2.82,2.14,0,8.34,3.77
"2024-08-13","H-101","Northbank",6.52,5.02,3.75,1.02,14.28,5.94
"2024-08-13","H-102","Northbank",4.3,4.98,2.92,0,12.2,4.91
"2024-08-13","H-201","East Park",8.94,8.32,5.21,1.01,21.46,8.15
"2024-08-13","H-202","East Park",3.73,3.47,2.49,0,9.68,4.16
"2024-08-14","H-101","Northbank",6.49,5.96,4.48,0.86,16.07,6.34
"2024-08-14","H-102","Northbank",4.78,4.16,3.3,0,12.24,4.95
"2024-08-14","H-201","East Park",9.1,7.67,5.38,1.45,20.69,8.04
"2024-08-14","H-202","East Park",3.83,2.84,2.05,0,8.72,3.94
"2024-08-15","H-101","Northbank",6.73,5.08,4.15,0.83,15.14,6.13
"2024-08-15","H-102","Northbank",5.21,4.5,3.12,0,12.82,5.19
"2024-08-15","H-201","East Park",9.15,8.66,5.36,1.47,21.7,8.33
"2024-08-15","H-202","East Park",3.37,3.23,1.84,0,8.43,3.82
"2024-08-16","H-101","Northbank",7.71,7.51,4.66,0.89,18.99,7.31
"2024-08-16","H-102","Northbank",4.96,4.62,3.13,0,12.7,5.12
"2024-08-16","H-201","East Park",9.09,8.32,6.13,1.41,22.12,8.36
"2024-08-16","H-202","East Park",3.44,3.28,2.42,0,9.13,3.97
"2024-08-17","H-101","Northbank",9.91,7.1,5.5,0.8,21.7,8.29
"2024-08-17","H-102","Northbank",5.47,4.26,3.28,0,13.01,5.26
"2024-08-17","H-201","East Park",9.96,8.91,5.56,1.47,22.96,8.78
"2024-08-17","H-202","East Park",3.78,3.84,2.55,0,10.16,4.29
"2024-08-18","H-101","Northbank",8.3,8.22,5.24,0.84,20.92,7.87
"2024-08-18","H-102","Northbank",5.83,5.71,3.21,0,14.75,5.81
"2024-08-18","H-201","East Park",10.36,10.3,6.56,1.14,26.08,9.55
"2024-08-18","H-202","East Park",4.93,4.39,2.79,0,12.11,4.98
"2024-08-19","H-101","Northbank",7.11,6.5,4.13,0.84,16.9,6.68
"2024-08-19","H-102","Northbank",4.04,4.6,2.98,0,11.61,4.7
"2024-08-19","H-201","East Park",7.89,7.5,4.86,1.64,18.61,7.37
"2024-08-19","H-202","East Park",3.6,3.18,1.98,0,8.76,3.93
"2024-08-20","H-101","Northbank",5.93,5.42,3.8,1.08,14.07,5.81
"2024-08-20","H-102","Northbank",5.13,4.66,2.97,0,12.76,5.17
"2024-08-20","H-201","East Park",9.44,8.25,5.79,1.73,21.75,8.41
"2024-08-20","H-202","East Park",2.67,2.01,1.91,0,6.58,3.19
"2024-08-21","H-101","Northbank",6.23,5.57,4.06,1,14.86,6.03
"2024-08-21","H-102","Northbank",5.09,5.77,2.96,0,13.81,5.46
"2024-08-21","H-201","East Park",9.86,9.06,5.47,1,23.4,8.8
"2024-08-21","H-202","East Park",2.9,3.4,1.89,0,8.18,3.68
"2024-08-22","H-101","Northbank",7.01,6.15,4.87,0.77,17.26,6.69
"2024-08-22","H-102","Northbank",5.04,4.18,2.75,0,11.97,4.96
"2024-08-22","H-201","East Park",9.36,9.18,5.25,1.77,22.02,8.53
"2024-08-22","H-202","East Park",3.89,3.76,2.14,0,9.79,4.24
"2024-08-23","H-101","Northbank",6.92,6.02,4.09,1.13,15.9,6.44
"2024-08-23","H-102","Northbank",4.35,3.59,2.75,0,10.68,4.5
"2024-08-23","H-201","East Park",9.77,9.66,6.12,1.79,23.76,8.99
"2024-08-23","H-202","East Park",3.83,3.09,2.28,0,9.21,4.06
"2024-08-24","H-101","Northbank",7.62,5.51,5.31,0.94,17.49,6.83
"2024-08-24","H-102","Northbank",5.27,4.03,3.54,0,12.84,5.17
"2024-08-24","H-201","East Park",12.15,11.68,6.63,1.54,28.91,10.67
"2024-08-24","H-202","East Park",3.4,3.81,2.01,0,9.21,4.02
"2024-08-25","H-101","Northbank",7.65,7.8,4.86,1.16,19.15,7.39
"2024-08-25","H-102","Northbank",5.88,6.06,3.46,0,15.39,5.97
"2024-08-25","H-201","East Park",9.13,8.1,6.24,1.55,21.93,8.33
"2024-08-25","H-202","East Park",3.77,3.53,2.55,0,9.85,4.21
"2024-08-26","H-101","Northbank",6.97,7.25,3.93,1.15,17,6.77
"2024-08-26","H-102","Northbank",5.74,4.99,3.2,0,13.94,5.57
"2024-08-26","H-201","East Park",10.33,10.36,6.09,1.45,25.33,9.45
"2024-08-26","H-202","East Park",3.67,3.32,2.22,0,9.21,4.04
"2024-08-27","H-101","Northbank",6.79,7.05,4.1,1.35,16.59,6.66
"2024-08-27","H-102","Northbank",5.1,4.36,3.31,0,12.77,5.14
"2024-08-27","H-201","East Park",8.26,8.2,5.29,1.82,19.93,7.79
"2024-08-27","H-202","East Park",4,4.64,1.98,0,10.62,4.51
"2024-08-28","H-101","Northbank",6.22,6.26,3.09,1.19,14.38,6.02
"2024-08-28","H-102","Northbank",4.37,3.55,2.59,0,10.5,4.47
"2024-08-28","H-201","East Park",8.74,6.8,5.72,2.08,19.19,7.67
"2024-08-28","H-202","East Park",2.82,3.16,1.87,0,7.85,3.58
"2024-08-29","H-101","Northbank",6.55,6.87,4.16,1.11,16.47,6.54
"2024-08-29","H-102","Northbank",4.69,4.27,2.81,0,11.77,4.85
"2024-08-29","H-201","East Park",9.91,8.47,6.26,1.78,22.86,8.75
"2024-08-29","H-202","East Park",2.89,2.93,1.65,0,7.46,3.5
"2024-08-30","H-101","Northbank",7.39,6.99,4.25,1.07,17.57,6.95
"2024-08-30","H-102","Northbank",4.51,4.13,3.11,0,11.75,4.79
"2024-08-30","H-201","East Park",8.69,6.35,5.2,1.74,18.5,7.45
"2024-08-30","H-202","East Park",2.89,3.11,2.01,0,8.02,3.62
"2024-08-31","H-101","Northbank",8.32,7.24,5.51,1.45,19.61,7.61
"2024-08-31","H-102","Northbank",5.53,5.35,3.84,0,14.71,5.7
"2024-08-31","H-201","East Park",12.34,9.96,6.9,2.23,26.98,10.28
"2024-08-31","H-202","East Park",4.09,4.01,2.38,0,10.48,4.44
"2024-09-01","H-101","Northbank",7.66,7.14,4.25,1.28,17.76,7.08
"2024-09-01","H-102","Northbank",5.44,5.51,3.25,0,14.21,5.6
"2024-09-01","H-201","East Park",10.1,9.47,6,1.62,23.94,9.07
"2024-09-01","H-202","East Park",3.58,3.33,2.11,0,9.02,3.99
"2024-09-02","H-101","Northbank",6.49,5,4.83,1.18,15.14,6.11
"2024-09-02","H-102","Northbank",4.37,4.29,2.4,0,11.06,4.64
"2024-09-02","H-201","East Park",10.31,10.75,4.67,2.16,23.58,9.23
"2024-09-02","H-202","East Park",4.04,3.88,2.38,0,10.31,4.39
"2024-09-03","H-101","Northbank",6.68,5.4,4.3,1.49,14.9,6.18
"2024-09-03","H-102","Northbank",5.68,4.08,2.94,0,12.7,5.24
"2024-09-03","H-201","East Park",7.35,8.47,4.31,2.06,18.08,7.28
"2024-09-03","H-202","East Park",3.09,3.48,1.65,0,8.22,3.73
"2024-09-04","H-101","Northbank",7.04,5.32,4.4,1.26,15.49,6.34
"2024-09-04","H-102","Northbank",3.38,3.92,2.08,0,9.38,4.06
"2024-09-04","H-201","East Park",6.61,6.43,4.17,1.9,15.32,6.39
"2024-09-04","H-202","East Park",3.81,3.52,2.52,0,9.85,4.21
"2024-09-05","H-101","Northbank",6.36,6.45,4.07,1.49,15.39,6.3
"2024-09-05","H-102","Northbank",3.83,3.36,2.41,0,9.6,4.16
"2024-09-05","H-201","East Park",8.92,8.26,5.42,2.45,20.15,8.07
"2024-09-05","H-202","East Park",3.12,2.64,1.71,0,7.47,3.52
"2024-09-06","H-101","Northbank",7.07,7.43,4.12,1.44,17.18,6.88
"2024-09-06","H-102","Northbank",5.17,3.34,3.43,0,11.94,4.91
"2024-09-06","H-201","East Park",8.78,7.34,6.02,1.61,20.53,7.92
"2024-09-06","H-202","East Park",3.41,3.42,1.99,0,8.82,3.92
"2024-09-07","H-101","Northbank",8.95,9.28,5.5,1.06,22.66,8.48
"2024-09-07","H-102","Northbank",5.38,5.88,3.91,0,15.17,5.8
"2024-09-07","H-201","East Park",10.11,9.08,6.46,2.29,23.36,9.01
"2024-09-07","H-202","East Park",4.23,3.16,2.39,0,9.78,4.27
"2024-09-08","H-101","Northbank",6.52,5.48,4.31,1.28,15.03,6.15
"2024-09-08","H-102","Northbank",5.73,3.9,2.92,0,12.54,5.2
"2024-09-08","H-201","East Park",9.05,11.4,4.79,1.3,23.94,8.96
"2024-09-08","H-202","East Park",4.2,4.07,2.32,0,10.6,4.5
"2024-09-09","H-101","Northbank",6.05,5.93,3.67,1.45,14.2,5.95
"2024-09-09","H-102","Northbank",4.67,4.44,2.68,0,11.79,4.86
"2024-09-09","H-201","East Park",9.13,7.23,5,2.51,18.86,7.79
"2024-09-09","H-202","East Park",3.1,2.99,2.16,0,8.25,3.7
"2024-09-10","H-101","Northbank",6.69,6.03,4.01,1.58,15.15,6.3
"2024-09-10","H-102","Northbank",4.27,4.51,2.8,0,11.57,4.74
"2024-09-10","H-201","East Park",7.29,7.1,4.25,2.97,15.66,6.8
"2024-09-10","H-202","East Park",3.03,2.97,1.95,0,7.96,3.63
"2024-09-11","H-101","Northbank",6.2,7.61,4.1,1.23,16.67,6.58
"2024-09-11","H-102","Northbank",4.16,3.94,2.63,0,10.73,4.5
"2024-09-11","H-201","East Park",8.83,9.92,5.45,2.14,22.06,8.52
"2024-09-11","H-202","East Park",2.94,2.52,1.66,0,7.12,3.41
"2024-09-12","H-101","Northbank",7.53,6.58,4.75,1.29,17.57,6.97
"2024-09-12","H-102","Northbank",4.1,3.31,2.12,0,9.53,4.2
"2024-09-12","H-201","East Park",8.58,9.19,5.92,2.61,21.09,8.27
"2024-09-12","H-202","East Park",4.06,3.82,2.47,0,10.35,4.39
"2024-09-13","H-101","Northbank",7.09,6.17,4.31,1.28,16.28,6.58
"2024-09-13","H-102","Northbank",3.89,3.32,2.74,0,9.95,4.23
"2024-09-13","H-201","East Park",8.65,9.2,5.24,2.33,20.76,8.19
"2024-09-13","H-202","East Park",3.18,2.85,2.07,0,8.1,3.68
"2024-09-14","H-101","Northbank",7.52,8.31,4.73,1.8,18.75,7.41
"2024-09-14","H-102","Northbank",3.48,3.38,2.51,0,9.36,4.03
"2024-09-14","H-201","East Park",9.39,9.39,5.02,2.95,20.84,8.47
"2024-09-14","H-202","East Park",3.52,3.48,2.45,0,9.45,4.07
"2024-09-15","H-101","Northbank",7.25,6.87,4.68,1.93,16.88,6.87
"2024-09-15","H-102","Northbank",5.23,6.22,3.18,0,14.63,5.69
"2024-09-15","H-201","East Park",9.27,8.79,5.85,2.43,21.48,8.45
"2024-09-15","H-202","East Park",3.24,3.7,2.04,0,8.98,3.93
"2024-09-16","H-101","Northbank",6.71,7.3,4.14,1.79,16.36,6.67
"2024-09-16","H-102","Northbank",4.3,3.6,2.51,0,10.41,4.44
"2024-09-16","H-201","East Park",11.71,8.55,6.86,2.71,24.41,9.58
"2024-09-16","H-202","East Park",2.99,2.89,1.77,0,7.66,3.55
"2024-09-17","H-101","Northbank",5.36,5.4,3.68,1.71,12.72,5.49
"2024-09-17","H-102","Northbank",5.1,4.31,2.91,0,12.32,5.05
"2024-09-17","H-201","East Park",7.61,7.38,4.93,3.52,16.4,7.1
"2024-09-17","H-202","East Park",2.93,2.6,1.74,0,7.27,3.44
"2024-09-18","H-101","Northbank",6.5,5.85,4.04,1.9,14.48,6.15
"2024-09-18","H-102","Northbank",4.04,4.06,2.6,0,10.71,4.48
"2024-09-18","H-201","East Park",9.26,9.27,5.83,2.93,21.43,8.54
"2024-09-18","H-202","East Park",2.62,3.04,1.66,0,7.32,3.42
"2024-09-19","H-101","Northbank",6.38,6.11,3.4,1.79,14.1,6.06
"2024-09-19","H-102","Northbank",3.95,3.83,2.91,0,10.68,4.43
"2024-09-19","H-201","East Park",6.99,7.64,4.22,2.67,16.17,6.84
"2024-09-19","H-202","East Park",3.37,3.34,2.2,0,8.91,3.92
"2024-09-20","H-101","Northbank",5,5.48,3.06,2.05,11.49,5.22
"2024-09-20","H-102","Northbank",4.22,4.22,2.54,0,10.98,4.59
"2024-09-20","H-201","East Park",8.53,8.27,4.51,2.55,18.75,7.72
"2024-09-20","H-202","East Park",3.42,3.39,1.93,0,8.73,3.9
"2024-09-21","H-101","Northbank",7.08,7.27,4.35,1.56,17.14,6.88
"2024-09-21","H-102","Northbank",4.94,4.85,3.03,0,12.81,5.16
"2024-09-21","H-201","East Park",9.74,8.31,5.38,3.83,19.6,8.32
"2024-09-21","H-202","East Park",3.01,2.73,1.98,0,7.73,3.56
"2024-09-22","H-101","Northbank",6.53,6.64,3.79,2.48,14.48,6.3
"2024-09-22","H-102","Northbank",5.26,5.03,2.67,0,12.96,5.27
"2024-09-22","H-201","East Park",9.3,11.56,5.56,2.39,24.04,9.18
"2024-09-22","H-202","East Park",3.66,3.53,1.99,0,9.19,4.06
"2024-09-23","H-101","Northbank",6.13,4.64,4.05,1.82,13,5.67
"2024-09-23","H-102","Northbank",4.05,4.36,2.67,0,11.07,4.58
"2024-09-23","H-201","East Park",7.92,7.65,4.63,2.38,17.82,7.33
"2024-09-23","H-202","East Park",2.5,2.12,1.58,0,6.2,3.09
"2024-09-24","H-101","Northbank",6.67,6.96,4.12,2.3,15.45,6.52
"2024-09-24","H-102","Northbank",4.51,5.2,2.6,0,12.31,4.99
"2024-09-24","H-201","East Park",7.61,8.37,5.2,2.84,18.35,7.48
"2024-09-24","H-202","East Park",2.93,2.93,1.89,0,7.76,3.56
"2024-09-25","H-101","Northbank",7.84,5.36,5.42,2.12,16.5,6.82
"2024-09-25","H-102","Northbank",4.39,4.34,2.53,0,11.26,4.69
"2024-09-25","H-201","East Park",7.16,8.14,3.71,2.78,16.22,6.95
"2024-09-25","H-202","East Park",3,2.53,2.19,0,7.72,3.53
"2024-09-26","H-101","Northbank",6.73,5.9,4.11,2.15,14.59,6.26
"2024-09-26","H-102","Northbank",2.99,2.63,1.83,0,7.44,3.49
"2024-09-26","H-201","East Park",7.66,8.94,4.57,2.99,18.18,7.53
"2024-09-26","H-202","East Park",3.21,2.4,1.97,0,7.58,3.54
"2024-09-27","H-101","Northbank",6.05,6.4,3.64,2.2,13.89,6.02
"2024-09-27","H-102","Northbank",4.49,4.2,2.28,0,10.97,4.65
"2024-09-27","H-201","East Park",6.86,7.49,4.58,3.19,15.74,6.77
"2024-09-27","H-202","East Park",3.2,3.2,1.48,0,7.88,3.67
"2024-09-28","H-101","Northbank",5.9,6.35,4.14,2.42,13.97,6.02
"2024-09-28","H-102","Northbank",4.78,4.22,3.11,0,12.1,4.93
"2024-09-28","H-201","East Park",10.93,9.66,5.99,2.81,23.78,9.39
"2024-09-28","H-202","East Park",2.84,3.06,1.48,0,7.39,3.48
"2024-09-29","H-101","Northbank",6.21,5.63,3.09,1.95,12.99,5.79
"2024-09-29","H-102","Northbank",5.15,5.02,3.12,0,13.28,5.31
"2024-09-29","H-201","East Park",9.51,8.49,5.73,2.67,21.05,8.42
"2024-09-29","H-202","East Park",3.44,3.13,2.26,0,8.83,3.9
"2024-09-30","H-101","Northbank",5.08,5.04,2.86,2.3,10.68,5.08
"2024-09-30","H-102","Northbank",3.84,3.82,2.46,0,10.12,4.3
"2024-09-30","H-201","East Park",6.63,7.15,4.38,3.17,14.99,6.55
"2024-09-30","H-202","East Park",3.18,2.77,1.91,0,7.86,3.62
"2024-10-01","H-101","Northbank",4.42,5.13,2.2,2.68,9.08,4.67
"2024-10-01","H-102","Northbank",3.97,3.58,2.51,0,10.07,4.3
"2024-10-01","H-201","East Park",9.6,8.6,5.41,4.18,19.43,8.33
"2024-10-01","H-202","East Park",2.65,2.67,1.84,0,7.16,3.36
"2024-10-02","H-101","Northbank",5.25,5.73,3.51,2.51,11.98,5.45
"2024-10-02","H-102","Northbank",3.68,3.99,2.1,0,9.77,4.21
"2024-10-02","H-201","East Park",5.55,5.05,3.82,3.88,10.53,5.35
"2024-10-02","H-202","East Park",2.62,2.94,1.59,0,7.16,3.38
"2024-10-03","H-101","Northbank",6.38,5.35,3.85,2.42,13.16,5.89
"2024-10-03","H-102","Northbank",4.36,4.32,2.87,0,11.54,4.73
"2024-10-03","H-201","East Park",8.6,8.23,5.89,4.39,18.33,7.88
"2024-10-03","H-202","East Park",2.93,2.58,1.87,0,7.39,3.46
"2024-10-04","H-101","Northbank",5.73,6.05,3.11,2.03,12.86,5.7
"2024-10-04","H-102","Northbank",3.83,3.89,3.01,0,10.74,4.42
"2024-10-04","H-201","East Park",7.75,9.03,4.43,3.4,17.82,7.54
"2024-10-04","H-202","East Park",2.78,2.91,1.58,0,7.27,3.43
"2024-10-05","H-101","Northbank",6.4,6.28,4.5,2.7,14.48,6.26
"2024-10-05","H-102","Northbank",4.87,4.74,2.69,0,12.3,5.03
"2024-10-05","H-201","East Park",9.11,9.75,5.17,3.17,20.86,8.47
"2024-10-05","H-202","East Park",2.9,3.27,2.11,0,8.28,3.68
"2024-10-06","H-101","Northbank",7.26,6.53,4.27,2.36,15.71,6.68
"2024-10-06","H-102","Northbank",5.31,4.5,3.15,0,12.96,5.24
"2024-10-06","H-201","East Park",7.26,7.02,4.83,4.1,15.01,6.79
"2024-10-06","H-202","East Park",3.07,3.13,1.79,0,7.99,3.66
"2024-10-07","H-101","Northbank",5.41,5.5,3.5,2.73,11.68,5.44
"2024-10-07","H-102","Northbank",3.61,3.89,2.22,0,9.72,4.18
"2024-10-07","H-201","East Park",6.87,6.47,4.36,3.91,13.78,6.4
"2024-10-07","H-202","East Park",2.76,2.93,1.73,0,7.41,3.45
"2024-10-08","H-101","Northbank",5.39,6.24,3.61,2.46,12.77,5.67
"2024-10-08","H-102","Northbank",3.17,3.54,1.87,0,8.58,3.83
"2024-10-08","H-201","East Park",8,8.41,4.93,4.41,16.93,7.49
"2024-10-08","H-202","East Park",2.85,3.06,2.01,0,7.93,3.59
"2024-10-09","H-101","Northbank",4.99,5.14,3.54,2.35,11.31,5.19
"2024-10-09","H-102","Northbank",3.99,4.12,2.12,0,10.23,4.38
"2024-10-09","H-201","East Park",8,7.34,4.81,3.41,16.74,7.24
"2024-10-09","H-202","East Park",2.48,2.16,1.43,0,6.07,3.07
"2024-10-10","H-101","Northbank",5.36,5.96,3.45,3.12,11.66,5.51
"2024-10-10","H-102","Northbank",3.24,3.11,2.13,0,8.48,3.79
"2024-10-10","H-201","East Park",7.64,6.54,4.9,3.9,15.17,6.85
"2024-10-10","H-202","East Park",2.97,2.49,1.85,0,7.3,3.44
"2024-10-11","H-101","Northbank",5.75,5.19,3.77,3.56,11.15,5.48
"2024-10-11","H-102","Northbank",3.75,3.76,2.33,0,9.84,4.22
"2024-10-11","H-201","East Park",6.5,5.78,3.91,3.16,13.03,6.02
"2024-10-11","H-202","East Park",3.21,3.27,1.87,0,8.35,3.77
"2024-10-12","H-101","Northbank",6.35,6.1,4.5,2.58,14.37,6.2
"2024-10-12","H-102","Northbank",5.03,4.88,2.53,0,12.44,5.11
"2024-10-12","H-201","East Park",8.04,7.38,4.41,4.97,14.87,7.09
"2024-10-12","H-202","East Park",2.59,2.99,1.86,0,7.44,3.43
"2024-10-13","H-101","Northbank",6.17,5.08,4.25,3.52,11.98,5.73
"2024-10-13","H-102","Northbank",3.95,3.69,2.34,0,9.98,4.29
"2024-10-13","H-201","East Park",8.41,7.94,5.77,4.17,17.95,7.71
"2024-10-13","H-202","East Park",2.88,3.56,1.77,0,8.21,3.69
"2024-10-14","H-101","Northbank",5.45,4.73,3.79,3.3,10.68,5.25
"2024-10-14","H-102","Northbank",3.56,3.22,2.24,0,9.02,3.97
"2024-10-14","H-201","East Park",7.27,7.72,4.35,3.43,15.91,6.95
"2024-10-14","H-202","East Park",3.2,2.88,1.93,0,8,3.67
"2024-10-15","H-101","Northbank",5.82,5.23,4.23,2.55,12.74,5.69
"2024-10-15","H-102","Northbank",3.24,2.99,2.04,0,8.27,3.74
"2024-10-15","H-201","East Park",6.26,8.22,4.03,5.09,13.42,6.49
"2024-10-15","H-202","East Park",2.91,2.34,2.03,0,7.28,3.41
"2024-10-16","H-101","Northbank",4.82,5.3,2.78,2.74,10.16,4.99
"2024-10-16","H-102","Northbank",3.57,4.4,2.29,0,10.26,4.32
"2024-10-16","H-201","East Park",8.35,7.93,4.91,4.49,16.7,7.5
"2024-10-16","H-202","East Park",2.65,2.55,1.44,0,6.64,3.25
"2024-10-17","H-101","Northbank",5.76,5.91,3.07,3.58,11.15,5.55
"2024-10-17","H-102","Northbank",4.03,3.82,2.75,0,10.61,4.44
"2024-10-17","H-201","East Park",7.35,7.49,4.61,4.06,15.39,6.93
"2024-10-17","H-202","East Park",2.26,2.11,1.57,0,5.93,2.99
"2024-10-18","H-101","Northbank",5.1,4.91,3.05,3.44,9.62,5
"2024-10-18","H-102","Northbank",3.8,3.7,2.34,0,9.85,4.23
"2024-10-18","H-201","East Park",6.91,6.72,4.23,4.88,12.98,6.4
"2024-10-18","H-202","East Park",2.89,2.99,2,0,7.88,3.58
"2024-10-19","H-101","Northbank",6.5,5.9,4.63,3.33,13.7,6.18
"2024-10-19","H-102","Northbank",4.4,4.67,2.86,0,11.93,4.85
"2024-10-19","H-201","East Park",8.14,6.78,4.84,4.16,15.6,7.09
"2024-10-19","H-202","East Park",3.64,3.18,2.09,0,8.91,3.97
"2024-10-20","H-101","Northbank",6.13,5.42,3.86,2.62,12.79,5.79
"2024-10-20","H-102","Northbank",4.32,4.05,2.31,0,10.68,4.54
"2024-10-20","H-201","East Park",9.76,7.44,6.03,4.28,18.95,8.18
"2024-10-20","H-202","East Park",3.5,3.72,2.23,0,9.45,4.09
"2024-10-21","H-101","Northbank",5.94,5.55,3.38,2.84,12.02,5.64
"2024-10-21","H-102","Northbank",3.91,3.09,2.62,0,9.62,4.15
"2024-10-21","H-201","East Park",7.2,6.28,4.31,4.39,13.4,6.44
"2024-10-21","H-202","East Park",2.38,2.41,1.49,0,6.28,3.11
"2024-10-22","H-101","Northbank",5.43,5.34,3.56,3.09,11.25,5.39
"2024-10-22","H-102","Northbank",4.51,3.72,2.57,0,10.8,4.57
"2024-10-22","H-201","East Park",6.79,6.34,4.6,5.44,12.29,6.27
"2024-10-22","H-202","East Park",2.79,2.7,1.86,0,7.35,3.43
"2024-10-23","H-101","Northbank",5.9,5.33,4.07,2.8,12.5,5.7
"2024-10-23","H-102","Northbank",3.83,2.96,2.22,0,9.01,4.01
"2024-10-23","H-201","East Park",7.43,6.09,5.05,5.7,12.88,6.54
"2024-10-23","H-202","East Park",2.21,2.35,1.44,0,6,3.01
"2024-10-24","H-101","Northbank",5.08,6.1,3.71,3.66,11.23,5.44
"2024-10-24","H-102","Northbank",3.46,3.67,2.31,0,9.45,4.07
"2024-10-24","H-201","East Park",6.95,7.51,4.6,5.26,13.8,6.68
"2024-10-24","H-202","East Park",2.44,2.85,1.75,0,7.04,3.3
"2024-10-25","H-101","Northbank",5.95,5.24,3.28,2.35,12.13,5.58
"2024-10-25","H-102","Northbank",3.51,3.96,2.11,0,9.57,4.13
"2024-10-25","H-201","East Park",6.58,6.76,4.62,5.76,12.21,6.28
"2024-10-25","H-202","East Park",2.74,3.02,1.55,0,7.32,3.44
"2024-10-26","H-101","Northbank",5.55,6.41,3.73,4.03,11.65,5.7
"2024-10-26","H-102","Northbank",4.23,4.13,3.25,0,11.6,4.7
"2024-10-26","H-201","East Park",9.41,8.74,5.27,4.88,18.54,8.21
"2024-10-26","H-202","East Park",2.92,3.1,1.81,0,7.82,3.59
"2024-10-27","H-101","Northbank",6.69,6.63,3.89,3.8,13.41,6.29
"2024-10-27","H-102","Northbank",4.44,4.07,2.65,0,11.15,4.65
"2024-10-27","H-201","East Park",7.83,8.96,5.37,5.11,17.05,7.61
"2024-10-27","H-202","East Park",3.08,2.82,1.85,0,7.75,3.58
"2024-10-28","H-101","Northbank",4.94,4.32,3.04,2.64,9.65,4.83
"2024-10-28","H-102","Northbank",4.1,3.61,2.81,0,10.53,4.42
"2024-10-28","H-201","East Park",8.17,8.38,4.3,5.33,15.52,7.37
"2024-10-28","H-202","East Park",2.86,2.68,1.67,0,7.21,3.42
"2024-10-29","H-101","Northbank",6.54,5.25,3.91,2.26,13.44,5.95
"2024-10-29","H-102","Northbank",3.7,3.67,2.38,0,9.75,4.18
"2024-10-29","H-201","East Park",6.69,7.86,4.36,4.02,14.88,6.71
"2024-10-29","H-202","East Park",2.91,2.45,1.99,0,7.36,3.44
"2024-10-30","H-101","Northbank",5.45,6.06,3.87,3.72,11.67,5.61
"2024-10-30","H-102","Northbank",4.77,4.74,2.83,0,12.34,5.02
"2024-10-30","H-201","East Park",7.71,6.86,4.8,5.5,13.87,6.84
"2024-10-30","H-202","East Park",2.6,2.61,1.54,0,6.75,3.27
"2024-10-31","H-101","Northbank",5.97,5.5,3.37,3.97,10.87,5.56
"2024-10-31","H-102","Northbank",3.74,3.02,2.94,0,9.7,4.13
"2024-10-31","H-201","East Park",9.24,8.48,5.41,5.95,17.18,8.02
"2024-10-31","H-202","East Park",2.69,2.39,1.59,0,6.66,3.25
"2024-11-01","H-101","Northbank",5.59,5.22,3.72,3.96,10.57,5.39
"2024-11-01","H-102","Northbank",3.91,4.27,2.66,0,10.84,4.49
"2024-11-01","H-201","East Park",7.17,6.87,5.46,4.53,14.98,6.81
"2024-11-01","H-202","East Park",2.86,2.7,1.8,0,7.37,3.45
"2024-11-02","H-101","Northbank",6.33,7.6,4.53,3.51,14.95,6.55
"2024-11-02","H-102","Northbank",4.37,4.12,2.89,0,11.37,4.69
"2024-11-02","H-201","East Park",9.45,8.08,6.39,6.41,17.51,8.15
"2024-11-02","H-202","East Park",3.58,3.82,2.01,0,9.41,4.1
"2024-11-03","H-101","Northbank",6.28,5.55,3.62,3.84,11.61,5.76
"2024-11-03","H-102","Northbank",4.8,4.79,3.19,0,12.79,5.12
"2024-11-03","H-201","East Park",7.77,7.09,5.55,6.04,14.37,7.03
"2024-11-03","H-202","East Park",3.35,3.65,2.38,0,9.38,4.03
"2024-11-04","H-101","Northbank",5.67,4.75,3.46,3.17,10.71,5.3
"2024-11-04","H-102","Northbank",3.69,3.18,2.56,0,9.43,4.08
"2024-11-04","H-201","East Park",7.66,7.03,4.86,5.43,14.12,6.88
"2024-11-04","H-202","East Park",2.84,3.06,1.86,0,7.76,3.55
"2024-11-05","H-101","Northbank",4.81,4.68,3.35,3.98,8.86,4.84
"2024-11-05","H-102","Northbank",4.05,4.49,2.21,0,10.74,4.53
"2024-11-05","H-201","East Park",8.31,8.35,4.88,4.72,16.83,7.58
"2024-11-05","H-202","East Park",3.06,3.16,1.92,0,8.15,3.69
"2024-11-06","H-101","Northbank",6.61,7.19,4.16,4.64,13.32,6.4
"2024-11-06","H-102","Northbank",3.42,4.22,2.71,0,10.35,4.28
"2024-11-06","H-201","East Park",8.42,6.93,4.79,4.66,15.48,7.21
"2024-11-06","H-202","East Park",3.01,2.43,1.8,0,7.24,3.44
"2024-11-07","H-101","Northbank",6.09,6.14,4.13,3.34,13.02,5.98
"2024-11-07","H-102","Northbank",4.48,3.79,2.99,0,11.26,4.66
"2024-11-07","H-201","East Park",6.93,8.96,4.18,5.96,14.1,6.95
"2024-11-07","H-202","East Park",3.38,3.06,1.84,0,8.28,3.77
"2024-11-08","H-101","Northbank",6.86,5.66,3.73,4.13,12.13,6.04
"2024-11-08","H-102","Northbank",4.56,4.48,2.71,0,11.75,4.83
"2024-11-08","H-201","East Park",8.77,7.19,5.21,4.33,16.84,7.53
"2024-11-08","H-202","East Park",3.25,2.94,2.06,0,8.25,3.73
"2024-11-09","H-101","Northbank",7.25,7.91,5.02,3.42,16.75,7.12
"2024-11-09","H-102","Northbank",5.01,5.91,3.15,0,14.07,5.51
"2024-11-09","H-201","East Park",10.03,9.75,6.14,4.15,21.78,8.97
"2024-11-09","H-202","East Park",3.38,4.26,2.14,0,9.78,4.17
"2024-11-10","H-101","Northbank",6.8,7.16,4.41,3.95,14.42,6.57
"2024-11-10","H-102","Northbank",4.31,4.4,2.81,0,11.52,4.72
"2024-11-10","H-201","East Park",11.45,10.18,7.73,6.07,23.29,9.85
"2024-11-10","H-202","East Park",3.83,3.39,2.49,0,9.7,4.18
"2024-11-11","H-101","Northbank",6.45,6.05,4.47,4.02,12.95,6.12
"2024-11-11","H-102","Northbank",4.1,3.53,2.9,0,10.53,4.41
"2024-11-11","H-201","East Park",9.22,8.57,5.92,6.85,16.87,8.07
"2024-11-11","H-202","East Park",3.27,2.8,2.09,0,8.16,3.7
"2024-11-12","H-101","Northbank",5.59,6.77,3.56,2.77,13.15,5.88
"2024-11-12","H-102","Northbank",3.89,3.98,2.57,0,10.44,4.39
"2024-11-12","H-201","East Park",6.75,7.31,4.34,5.77,12.63,6.45
"2024-11-12","H-202","East Park",2.9,2.56,1.65,0,7.11,3.4
"2024-11-13","H-101","Northbank",6.03,6.76,3.26,4.47,11.57,5.88
"2024-11-13","H-102","Northbank",4.51,4.18,3.07,0,11.76,4.8
"2024-11-13","H-201","East Park",9.25,8.41,5.7,5.91,17.45,8.06
"2024-11-13","H-202","East Park",3.09,2.95,2.2,0,8.23,3.69
"2024-11-14","H-101","Northbank",6.59,5.64,4.26,3.99,12.5,6.03
"2024-11-14","H-102","Northbank",4.71,3.92,3.03,0,11.65,4.8
"2024-11-14","H-201","East Park",9.74,9.22,5.36,6.04,18.27,8.42
"2024-11-14","H-202","East Park",2.87,2.55,1.74,0,7.16,3.4
"2024-11-15","H-101","Northbank",5.89,6.44,3.09,3.04,12.38,5.8
"2024-11-15","H-102","Northbank",4.37,4.12,2.39,0,10.88,4.59
"2024-11-15","H-201","East Park",7.87,7.44,4.65,6.17,13.79,6.99
"2024-11-15","H-202","East Park",2.76,2.96,1.7,0,7.41,3.46
"2024-11-16","H-101","Northbank",7.28,8.31,4.91,3.71,16.79,7.21
"2024-11-16","H-102","Northbank",4.69,5.1,3.23,0,13.02,5.16
"2024-11-16","H-201","East Park",9.56,7.73,5.07,6.55,15.8,7.83
"2024-11-16","H-202","East Park",3.4,3.31,2.37,0,9.08,3.96
"2024-11-17","H-101","Northbank",6.03,4.78,3.77,3.21,11.37,5.51
"2024-11-17","H-102","Northbank",5.01,4.52,2.93,0,12.46,5.08
"2024-11-17","H-201","East Park",8.46,8.76,4.99,5.17,17.05,7.74
"2024-11-17","H-202","East Park",3.5,3.18,2.37,0,9.05,3.96
"2024-11-18","H-101","Northbank",7.32,7.16,3.9,4.46,13.92,6.66
"2024-11-18","H-102","Northbank",4.01,3.82,2.7,0,10.54,4.42
"2024-11-18","H-201","East Park",9.38,6.47,5.08,5.25,15.68,7.5
"2024-11-18","H-202","East Park",3.33,2.49,1.91,0,7.73,3.61
"2024-11-19","H-101","Northbank",5.03,5.74,3.66,4.94,9.49,5.22
"2024-11-19","H-102","Northbank",5.46,4.83,3.78,0,14.07,5.51
"2024-11-19","H-201","East Park",11.16,9.33,6.79,4.47,22.81,9.43
"2024-11-19","H-202","East Park",3.68,3.6,2.16,0,9.44,4.11
"2024-11-20","H-101","Northbank",5.8,6.7,3.97,5.45,11.02,5.84
"2024-11-20","H-102","Northbank",4.96,4.09,3.19,0,12.24,4.98
"2024-11-20","H-201","East Park",7.91,7.07,4.61,6.61,12.98,6.86
"2024-11-20","H-202","East Park",3.55,3.01,2.41,0,8.97,3.94
"2024-11-21","H-101","Northbank",6.52,6.31,3.91,4.76,11.98,6.06
"2024-11-21","H-102","Northbank",4.79,4.76,2.48,0,12.02,4.96
"2024-11-21","H-201","East Park",6.79,6.6,5.03,6.53,11.9,6.35
"2024-11-21","H-202","East Park",3.35,3.18,1.63,0,8.16,3.76
"2024-11-22","H-101","Northbank",6.51,7,3.55,4.62,12.44,6.2
"2024-11-22","H-102","Northbank",4.56,4.31,2.45,0,11.32,4.74
"2024-11-22","H-201","East Park",8.85,8.45,4.78,5.36,16.72,7.77
"2024-11-22","H-202","East Park",3.51,3.41,2.2,0,9.12,4
"2024-11-23","H-101","Northbank",8.57,7.56,4.23,5.23,15.13,7.31
"2024-11-23","H-102","Northbank",4.37,4.47,2.48,0,11.31,4.71
"2024-11-23","H-201","East Park",10.07,8.89,5.34,3.92,20.38,8.61
"2024-11-23","H-202","East Park",3.15,2.7,2.05,0,7.9,3.62
"2024-11-24","H-101","Northbank",9.68,7.34,4.97,3.91,18.08,7.94
"2024-11-24","H-102","Northbank",4.92,4.73,2.23,0,11.89,4.97
"2024-11-24","H-201","East Park",11.05,9.95,6.03,6.71,20.32,9.25
"2024-11-24","H-202","East Park",3.45,2.86,1.94,0,8.26,3.77
"2024-11-25","H-101","Northbank",6.92,5.75,3.84,3.57,12.94,6.14
"2024-11-25","H-102","Northbank",4.31,4.83,2.6,0,11.74,4.81
"2024-11-25","H-201","East Park",7.44,7.95,4.8,7.37,12.81,6.9
"2024-11-25","H-202","East Park",3.97,3.52,2.22,0,9.7,4.22
"2024-11-26","H-101","Northbank",6.28,6.36,4.47,4.91,12.2,6.07
"2024-11-26","H-102","Northbank",4.55,4.01,3.02,0,11.58,4.76
"2024-11-26","H-201","East Park",9.83,8.58,5.65,7.09,16.98,8.26
"2024-11-26","H-202","East Park",3.24,3.25,1.93,0,8.42,3.79
"2024-11-27","H-101","Northbank",6.82,6.59,3.92,4.16,13.18,6.31
"2024-11-27","H-102","Northbank",4.15,3.26,2.64,0,10.05,4.31
"2024-11-27","H-201","East Park",8.82,7.23,5.21,7.25,14,7.36
"2024-11-27","H-202","East Park",3.22,2.54,2.21,0,7.97,3.63
"2024-11-28","H-101","Northbank",8.76,7.47,5.28,3.32,18.19,7.69
"2024-11-28","H-102","Northbank",5.01,3.94,2.84,0,11.8,4.9
"2024-11-28","H-201","East Park",9.21,8.71,5.3,4.22,19,8.17
"2024-11-28","H-202","East Park",2.92,2.56,2.06,0,7.54,3.49
"2024-11-29","H-101","Northbank",7.44,6.65,4.41,4.1,14.4,6.69
"2024-11-29","H-102","Northbank",4.32,5.9,2.8,0,13.03,5.15
"2024-11-29","H-201","East Park",8.53,6.97,4.96,6.16,14.3,7.19
"2024-11-29","H-202","East Park",3.62,3.44,2.42,0,9.48,4.09
"2024-11-30","H-101","Northbank",7.7,8.16,5.29,4.46,16.69,7.36
"2024-11-30","H-102","Northbank",5.66,4.96,3.47,0,14.09,5.58
"2024-11-30","H-201","East Park",11.16,10.79,5.94,5.28,22.61,9.62
"2024-11-30","H-202","East Park",3.85,3.67,2.59,0,10.11,4.29
"2024-12-01","H-101","Northbank",7.11,6,4.4,4.01,13.5,6.37
"2024-12-01","H-102","Northbank",5.08,5.05,3.1,0,13.22,5.28
"2024-12-01","H-201","East Park",11.22,9.48,6.6,5.25,22.05,9.4
"2024-12-01","H-202","East Park",3.49,2.47,2.46,0,8.43,3.78
"2024-12-02","H-101","Northbank",7.18,6.97,4.42,4.15,14.41,6.67
"2024-12-02","H-102","Northbank",4.39,4.96,2.42,0,11.77,4.84
"2024-12-02","H-201","East Park",8.55,6.82,4.02,8.17,11.22,6.84
"2024-12-02","H-202","East Park",3.5,3.5,2.43,0,9.43,4.06
"2024-12-03","H-101","Northbank",6.05,5.81,3.6,5.91,9.56,5.59
"2024-12-03","H-102","Northbank",4.55,4.23,3.23,0,12.01,4.86
"2024-12-03","H-201","East Park",8.85,7.64,4.56,7.83,13.22,7.32
"2024-12-03","H-202","East Park",3.23,3.06,1.9,0,8.18,3.72
"2024-12-04","H-101","Northbank",7.03,5.19,4.51,4.15,12.58,6.12
"2024-12-04","H-102","Northbank",4.36,3.98,2.32,0,10.66,4.54
"2024-12-04","H-201","East Park",7.78,8.08,6.15,7.63,14.38,7.31
"2024-12-04","H-202","East Park",3.27,3.42,1.95,0,8.64,3.85
"2024-12-05","H-101","Northbank",6.98,6.58,3.53,3.9,13.2,6.32
"2024-12-05","H-102","Northbank",5.25,4.4,2.91,0,12.56,5.14
"2024-12-05","H-201","East Park",9.08,7.86,5.2,7.48,14.66,7.63
"2024-12-05","H-202","East Park",3.25,3.26,1.93,0,8.44,3.79
"2024-12-06","H-101","Northbank",7.09,6.48,3.76,4.36,12.96,6.35
"2024-12-06","H-102","Northbank",4.94,3.85,2.72,0,11.5,4.82
"2024-12-06","H-201","East Park",9.79,9.12,6.16,7.37,17.7,8.47
"2024-12-06","H-202","East Park",3.38,2.65,2.2,0,8.23,3.73
"2024-12-07","H-101","Northbank",8.37,8.63,4.78,4.66,17.12,7.66
"2024-12-07","H-102","Northbank",5.1,4.79,2.92,0,12.81,5.19
"2024-12-07","H-201","East Park",11.72,9.66,6.81,6.42,21.77,9.62
"2024-12-07","H-202","East Park",4.25,3.12,2.35,0,9.72,4.26
"2024-12-08","H-101","Northbank",6.53,5.49,3.58,4.64,10.96,5.78
"2024-12-08","H-102","Northbank",5.73,4.67,3.38,0,13.78,5.51
"2024-12-08","H-201","East Park",11.13,10.46,7.13,7.21,21.52,9.61
"2024-12-08","H-202","East Park",3.86,3.16,2.5,0,9.53,4.13
"2024-12-09","H-101","Northbank",7.4,7.06,4.3,4.87,13.89,6.71
"2024-12-09","H-102","Northbank",5.07,4.44,2.54,0,12.05,5
"2024-12-09","H-201","East Park",8.11,7.18,4.34,7.77,11.86,6.85
"2024-12-09","H-202","East Park",3.04,3.11,2.26,0,8.41,3.73
"2024-12-10","H-101","Northbank",6.39,6.7,4.24,4.37,12.96,6.21
"2024-12-10","H-102","Northbank",3.97,4,2.98,0,10.94,4.5
"2024-12-10","H-201","East Park",8.2,8.18,5.62,8.53,13.48,7.36
"2024-12-10","H-202","East Park",2.95,3.23,1.86,0,8.05,3.65
"2024-12-11","H-101","Northbank",6.69,7,4.44,6.52,11.62,6.31
"2024-12-11","H-102","Northbank",4,3.52,2.73,0,10.25,4.34
"2024-12-11","H-201","East Park",9.27,8.6,4.84,7.58,15.13,7.84
"2024-12-11","H-202","East Park",3.54,4.06,1.74,0,9.34,4.1
"2024-12-12","H-101","Northbank",7.84,7.37,5.74,4.87,16.08,7.26
"2024-12-12","H-102","Northbank",4.05,3.13,2.29,0,9.48,4.16
"2024-12-12","H-201","East Park",9.46,7.2,5.35,7.38,14.63,7.64
"2024-12-12","H-202","East Park",4.07,2.79,2.53,0,9.39,4.12
"2024-12-13","H-101","Northbank",6.68,6.05,4.11,5.78,11.06,6.03
"2024-12-13","H-102","Northbank",5.55,4.98,3.04,0,13.56,5.45
"2024-12-13","H-201","East Park",11.59,11.04,6.55,6.34,22.84,9.91
"2024-12-13","H-202","East Park",3.34,3.08,1.81,0,8.23,3.76
"2024-12-14","H-101","Northbank",8.92,8.73,5.43,5.71,17.37,7.97
"2024-12-14","H-102","Northbank",5.34,4.67,3.07,0,13.07,5.28
"2024-12-14","H-201","East Park",10.58,9.64,7.28,6.45,21.05,9.22
"2024-12-14","H-202","East Park",3.47,2.87,2.12,0,8.47,3.82
"2024-12-15","H-101","Northbank",7.13,5.83,3.87,5.22,11.61,6.15
"2024-12-15","H-102","Northbank",5.07,4.34,3.43,0,12.85,5.15
"2024-12-15","H-201","East Park",10.82,11.85,6.24,9.01,19.9,9.57
"2024-12-15","H-202","East Park",3.75,3.56,2.23,0,9.55,4.15
"2024-12-16","H-101","Northbank",8.13,7.25,5.04,4.85,15.57,7.21
"2024-12-16","H-102","Northbank",4.06,3.78,2.46,0,10.31,4.38
"2024-12-16","H-201","East Park",8.77,9.63,5.35,7.55,16.21,8.02
"2024-12-16","H-202","East Park",3.36,3.29,1.94,0,8.58,3.85
"2024-12-17","H-101","Northbank",8.01,7.54,4.19,6.21,13.53,6.99
"2024-12-17","H-102","Northbank",4.4,4.91,2.95,0,12.26,4.93
"2024-12-17","H-201","East Park",8.02,8.91,4.75,7.31,14.36,7.4
"2024-12-17","H-202","East Park",3.4,3.26,2.21,0,8.87,3.91
"2024-12-18","H-101","Northbank",7.03,6.16,4.27,4.29,13.17,6.34
"2024-12-18","H-102","Northbank",5.09,4.64,3.21,0,12.94,5.2
"2024-12-18","H-201","East Park",9.83,9.65,6.01,8.09,17.4,8.56
"2024-12-18","H-202","East Park",3.07,2.44,2.14,0,7.64,3.53
"2024-12-19","H-101","Northbank",5.48,5.45,3.73,4.64,10.02,5.36
"2024-12-19","H-102","Northbank",4.35,4.13,2.74,0,11.21,4.65
"2024-12-19","H-201","East Park",9.84,10.43,6.21,8.26,18.21,8.8
"2024-12-19","H-202","East Park",3.17,2.79,2.05,0,8.02,3.65
"2024-12-20","H-101","Northbank",7.09,5.22,4.55,4.96,11.9,6.11
"2024-12-20","H-102","Northbank",5.06,5.2,2.57,0,12.83,5.22
"2024-12-20","H-201","East Park",9.26,9.32,5.52,7.86,16.24,8.15
"2024-12-20","H-202","East Park",3.2,2.64,2.19,0,8.03,3.65
"2024-12-21","H-101","Northbank",9.13,7.1,5.12,4.37,16.99,7.64
"2024-12-21","H-102","Northbank",5.93,6.19,3.84,0,15.95,6.1
"2024-12-21","H-201","East Park",12.91,10.09,6.73,7.79,21.93,10.13
"2024-12-21","H-202","East Park",4.51,4.49,3.13,0,12.13,4.9
"2024-12-22","H-101","Northbank",7.95,7.98,5.14,4.31,16.75,7.4
"2024-12-22","H-102","Northbank",5.38,5.08,3.44,0,13.9,5.48
"2024-12-22","H-201","East Park",10.04,9.31,5.64,8.93,16.07,8.42
"2024-12-22","H-202","East Park",3.99,3.26,2.27,0,9.52,4.17
"2024-12-23","H-101","Northbank",6.87,5.04,4.07,5.2,10.79,5.86
"2024-12-23","H-102","Northbank",5.14,4.48,3.23,0,12.84,5.18
"2024-12-23","H-201","East Park",8.95,8.51,5.5,7.27,15.69,7.83
"2024-12-23","H-202","East Park",3.06,3.14,2.06,0,8.26,3.7
"2024-12-24","H-101","Northbank",6.74,5.78,4.17,4.54,12.16,6.08
"2024-12-24","H-102","Northbank",5.27,4.68,3.33,0,13.28,5.31
"2024-12-24","H-201","East Park",9.54,7.75,5.61,7.8,15.1,7.85
"2024-12-24","H-202","East Park",3.27,3.56,1.92,0,8.75,3.89
"2024-12-25","H-101","Northbank",8.18,7.57,4.88,4.9,15.74,7.29
"2024-12-25","H-102","Northbank",4.79,4.69,2.9,0,12.38,5.02
"2024-12-25","H-201","East Park",10.29,8.2,6.87,8.82,16.55,8.46
"2024-12-25","H-202","East Park",3.92,3.63,2.19,0,9.74,4.23
"2024-12-26","H-101","Northbank",7.34,6.31,4.72,5.24,13.13,6.53
"2024-12-26","H-102","Northbank",5.29,4.08,3.05,0,12.42,5.09
"2024-12-26","H-201","East Park",9.71,9.53,6,4.94,20.31,8.69
"2024-12-26","H-202","East Park",3.5,3.22,2.44,0,9.17,3.99
"2024-12-27","H-101","Northbank",7.2,7.07,4.94,4.8,14.41,6.75
"2024-12-27","H-102","Northbank",0.4,0.4,0.26,0,1.06,1.48
"2024-12-27","H-201","East Park",8.48,8.27,4.53,7.72,13.56,7.35
"2024-12-27","H-202","East Park",3.18,3.94,1.57,0,8.69,3.89
"2024-12-28","H-101","Northbank",9.51,8.54,5.56,5.56,18.05,8.2
"2024-12-28","H-102","Northbank",5.57,4.56,3.17,0,13.3,5.37
"2024-12-28","H-201","East Park",11.59,9.59,6.13,5.46,21.85,9.49
"2024-12-28","H-202","East Park",3.59,3.91,2.06,0,9.56,4.14
"2024-12-29","H-101","Northbank",8.41,8.65,5.94,4.83,18.16,7.89
"2024-12-29","H-102","Northbank",5.65,6.17,3.31,0,15.13,5.88
"2024-12-29","H-201","East Park",9.75,9.75,6.51,10.37,15.65,8.49
"2024-12-29","H-202","East Park",4.49,3.67,2.91,0,11.07,4.62
"2024-12-30","H-101","Northbank",6.3,5.81,4.12,4.15,12.08,5.92
"2024-12-30","H-102","Northbank",5.17,4.32,3.6,0,13.09,5.21
"2024-12-30","H-201","East Park",9.69,7.98,6.35,7.54,16.48,8.13
"2024-12-30","H-202","East Park",3.96,4.38,2.11,0,10.46,4.44
"2024-12-31","H-101","Northbank",7.7,6.97,4.63,4.96,14.34,6.87
"2024-12-31","H-102","Northbank",4.79,4.57,2.87,0,12.23,4.99
"2024-12-31","H-201","East Park",9.92,8.76,6.21,7.36,17.55,8.44
"2024-12-31","H-202","East Park",3.81,2.71,2.58,0,9.09,4
"2025-01-01","H-101","Northbank",6.62,7.27,3.95,5.17,12.67,6.35
"2025-01-01","H-102","Northbank",5.24,4.16,3.04,0,12.44,5.09
"2025-01-01","H-201","East Park",8.94,8.12,5.9,8.78,14.18,7.68
"2025-01-01","H-202","East Park",4.02,3.64,2.38,0,10.03,4.31
"2025-01-02","H-101","Northbank",7.44,6.43,4.59,5.4,13.06,6.57
"2025-01-02","H-102","Northbank",5.23,4.92,3.6,0,13.75,5.41
"2025-01-02","H-201","East Park",9.18,8.52,5.92,7.79,15.83,7.97
"2025-01-02","H-202","East Park",3.25,3.23,2.04,0,8.52,3.81
"2025-01-03","H-101","Northbank",7.36,5.9,4.33,5.59,12,6.32
"2025-01-03","H-102","Northbank",4.36,3.74,2.72,0,10.81,4.54
"2025-01-03","H-201","East Park",9.76,9.22,5.5,7.29,17.19,8.37
"2025-01-03","H-202","East Park",3.36,3.72,1.93,0,9.01,3.97
"2025-01-04","H-101","Northbank",7.67,6.93,4.09,5.2,13.5,6.73
"2025-01-04","H-102","Northbank",5.46,4.84,3.22,0,13.51,5.41
"2025-01-04","H-201","East Park",10.13,8.98,5.53,5.96,18.68,8.55
"2025-01-04","H-202","East Park",3.81,3.31,2.27,0,9.38,4.11
"2025-01-05","H-101","Northbank",8.79,8.33,5.29,4.52,17.88,7.86
"2025-01-05","H-102","Northbank",5.78,4.63,3.03,0,13.43,5.45
"2025-01-05","H-201","East Park",11.43,9.22,6.42,7.01,20.05,9.26
"2025-01-05","H-202","East Park",4.15,3.67,2.16,0,9.98,4.33
"2025-01-06","H-101","Northbank",8.41,7.17,5.03,5.2,15.41,7.28
"2025-01-06","H-102","Northbank",6.05,5.42,3.27,0,14.73,5.83
"2025-01-06","H-201","East Park",10.14,7.11,6.24,10.12,13.36,7.88
"2025-01-06","H-202","East Park",4.01,3.87,1.92,0,9.8,4.28
"2025-01-07","H-101","Northbank",6.21,5.72,3.83,5.86,9.9,5.68
"2025-01-07","H-102","Northbank",4.21,3.89,2.45,0,10.55,4.47
"2025-01-07","H-201","East Park",10.12,10.36,7.02,7.89,19.62,9.08
"2025-01-07","H-202","East Park",4.08,3.99,2.25,0,10.32,4.41
"2025-01-08","H-101","Northbank",6.47,6.81,3.53,5.95,10.87,6.03
"2025-01-08","H-102","Northbank",5.1,5.18,3.13,0,13.41,5.34
"2025-01-08","H-201","East Park",9.15,7.85,6.23,8.02,15.22,7.82
"2025-01-08","H-202","East Park",4.02,2.94,2.67,0,9.62,4.17
"2025-01-09","H-101","Northbank",6.61,6.34,3.99,3.67,13.28,6.21
"2025-01-09","H-102","Northbank",5.62,5,3.13,0,13.75,5.51
"2025-01-09","H-201","East Park",10.04,10.01,5.74,8.01,17.79,8.7
"2025-01-09","H-202","East Park",3.63,2.96,2.29,0,8.88,3.94
"2025-01-10","H-101","Northbank",6.8,6.65,4.08,4.54,13,6.33
"2025-01-10","H-102","Northbank",4.38,4.32,3.02,0,11.73,4.78
"2025-01-10","H-201","East Park",8.78,8.18,5.63,8.04,14.55,7.63
"2025-01-10","H-202","East Park",3.06,2.95,1.93,0,7.95,3.63
"2025-01-11","H-101","Northbank",7.73,8.05,5.54,6.01,15.31,7.28
"2025-01-11","H-102","Northbank",6.73,6.35,3.24,0,16.32,6.37
"2025-01-11","H-201","East Park",12.45,12.42,7.57,8.29,24.14,10.71
"2025-01-11","H-202","East Park",4.1,4.09,2.7,0,10.9,4.53
"2025-01-12","H-101","Northbank",8.89,7.69,5.4,4.09,17.89,7.78
"2025-01-12","H-102","Northbank",7.15,5.14,4.18,0,16.47,6.39
"2025-01-12","H-201","East Park",11.79,11.44,6.76,4.93,25.07,10.25
"2025-01-12","H-202","East Park",4.73,4.53,2.47,0,11.73,4.87
"2025-01-13","H-101","Northbank",7.59,7.18,4.27,5.04,14.01,6.81
"2025-01-13","H-102","Northbank",4.44,3.85,2.48,0,10.77,4.56
"2025-01-13","H-201","East Park",10.28,9.29,5.62,7.08,18.11,8.64
"2025-01-13","H-202","East Park",3.4,3.17,2.24,0,8.81,3.89
"2025-01-14","H-101","Northbank",6.29,5,3.7,5.33,9.68,5.53
"2025-01-14","H-102","Northbank",4.88,4.02,3.07,0,11.96,4.91
"2025-01-14","H-201","East Park",10.39,9.53,6.15,7.41,18.66,8.83
"2025-01-14","H-202","East Park",3.3,3.07,2.19,0,8.56,3.81
"2025-01-15","H-101","Northbank",6.59,5.6,3.9,4.62,11.46,5.9
"2025-01-15","H-102","Northbank",5.13,4.15,2.98,0,12.26,5.03
"2025-01-15","H-201","East Park",10.14,7.89,6.7,8.12,16.61,8.32
"2025-01-15","H-202","East Park",3.32,3.18,2.39,0,8.88,3.89
"2025-01-16","H-101","Northbank",7.26,7.16,4.19,4.74,13.88,6.67
"2025-01-16","H-102","Northbank",4.28,4.23,2.57,0,11.07,4.62
"2025-01-16","H-201","East Park",9.1,9.43,6.22,8.58,16.16,8.19
"2025-01-16","H-202","East Park",3.95,2.79,2.45,0,9.19,4.05
"2025-01-17","H-101","Northbank",7.58,6.41,4.73,5.89,12.83,6.62
"2025-01-17","H-102","Northbank",5.94,4.5,3.83,0,14.26,5.63
"2025-01-17","H-201","East Park",8.74,8.67,5.07,5.98,16.5,7.79
"2025-01-17","H-202","East Park",3.37,3.58,1.99,0,8.94,3.95
"2025-01-18","H-101","Northbank",20.88,19.09,13.11,4.68,48.4,17.43
"2025-01-18","H-102","Northbank",6.06,5.63,3.41,0,15.1,5.92
"2025-01-18","H-201","East Park",11.01,12.15,5.73,9.48,19.41,9.6
"2025-01-18","H-202","East Park",3.82,4.3,2.7,0,10.82,4.47
"2025-01-19","H-101","Northbank",8.39,7,4.09,5.73,13.75,7.01
"2025-01-19","H-102","Northbank",4.59,4.95,2.73,0,12.27,4.98
"2025-01-19","H-201","East Park",10.04,10.76,5.82,8.62,18.01,8.88
"2025-01-19","H-202","East Park",3.91,4.38,2.31,0,10.6,4.46
"2025-01-20","H-101","Northbank",7.02,5.41,3.66,4.65,11.44,5.98
"2025-01-20","H-102","Northbank",5.81,5.01,3.73,0,14.55,5.7
"2025-01-20","H-201","East Park",10.81,8.8,6.49,8.8,17.31,8.77
"2025-01-20","H-202","East Park",4.13,3.31,2.41,0,9.85,4.27
"2025-01-21","H-101","Northbank",6.69,5.99,4.41,4.71,12.38,6.15
"2025-01-21","H-102","Northbank",4.82,5.02,3.25,0,13.09,5.2
"2025-01-21","H-201","East Park",9.23,8.94,6.23,8.14,16.26,8.14
"2025-01-21","H-202","East Park",3.35,3.26,1.91,0,8.52,3.83
"2025-01-22","H-101","Northbank",7.88,6.58,4.81,5.63,13.63,6.82
"2025-01-22","H-102","Northbank",4.27,4.86,2.93,0,12.06,4.86
"2025-01-22","H-201","East Park",10.29,8.05,6.93,7.42,17.85,8.52
"2025-01-22","H-202","East Park",3.19,2.75,2.16,0,8.09,3.67
"2025-01-23","H-101","Northbank",7.91,6.83,4.98,5.51,14.21,6.94
"2025-01-23","H-102","Northbank",5.89,5.12,3.19,0,14.19,5.66
"2025-01-23","H-201","East Park",10.35,9.87,6.72,6.53,20.41,9.08
"2025-01-23","H-202","East Park",4.13,4.17,2.39,0,10.68,4.5
"2025-01-24","H-101","Northbank",8.28,7.64,4.83,5.19,15.56,7.32
"2025-01-24","H-102","Northbank",4.99,5.07,3.01,0,13.07,5.24
"2025-01-24","H-201","East Park",10.82,8.77,6.66,6.24,20.01,8.98
"2025-01-24","H-202","East Park",3.48,2.99,2.11,0,8.58,3.85
"2025-01-25","H-101","Northbank",8.73,8.25,5.42,4.92,17.48,7.81
"2025-01-25","H-102","Northbank",6.75,5.76,3.93,0,16.44,6.34
"2025-01-25","H-201","East Park",11.12,9.42,7.02,8.71,18.86,9.18
"2025-01-25","H-202","East Park",4.1,3.07,2.3,0,9.48,4.17
"2025-01-26","H-101","Northbank",8.86,7.64,4.34,4.42,16.42,7.53
"2025-01-26","H-102","Northbank",5.95,6.17,3.27,0,15.38,6
"2025-01-26","H-201","East Park",11,10.63,6.47,6.93,21.17,9.49
"2025-01-26","H-202","East Park",3.1,3.16,1.76,0,8.01,3.67
"2025-01-27","H-101","Northbank",7.2,6.65,4.72,4.13,14.44,6.64
"2025-01-27","H-102","Northbank",4.65,4.46,2.8,0,11.91,4.88
"2025-01-27","H-201","East Park",10.03,8.89,5.04,9.38,14.58,8.15
"2025-01-27","H-202","East Park",3.68,3.43,2.69,0,9.8,4.17
"2025-01-28","H-101","Northbank",7.38,7.19,4.21,4.95,13.85,6.72
"2025-01-28","H-102","Northbank",4.19,4.05,2.9,0,11.14,4.59
"2025-01-28","H-201","East Park",10.11,9.39,5.78,6.37,18.91,8.68
"2025-01-28","H-202","East Park",4.18,3.18,2.31,0,9.66,4.23
"2025-01-29","H-101","Northbank",7.5,6.49,5.1,6.65,12.44,6.62
"2025-01-29","H-102","Northbank",5.52,4.51,3.54,0,13.57,5.4
"2025-01-29","H-201","East Park",8.94,8.54,5.28,8.98,13.78,7.67
"2025-01-29","H-202","East Park",3.15,3.08,1.95,0,8.18,3.71
"2025-01-30","H-101","Northbank",7.05,6.26,3.82,4.35,12.77,6.28
"2025-01-30","H-102","Northbank",4.64,5.8,2.66,0,13.1,5.23
"2025-01-30","H-201","East Park",10.14,8.78,6.44,7.93,17.43,8.54
"2025-01-30","H-202","East Park",4.39,3.31,2.63,0,10.33,4.42
"2025-01-31","H-101","Northbank",7.8,5.9,5.58,5.84,13.43,6.73
"2025-01-31","H-102","Northbank",5.2,4.68,3.05,0,12.92,5.22
"2025-01-31","H-201","East Park",8.75,6.63,5.58,9.04,11.92,7.11
"2025-01-31","H-202","East Park",3.73,3.09,2.11,0,8.94,3.99
"2025-02-01","H-101","Northbank",6.79,6.35,4.79,4.72,13.22,6.36
"2025-02-01","H-102","Northbank",6.11,6.41,3.56,0,16.08,6.19
"2025-02-01","H-201","East Park",8.4,9.82,5.69,8.51,15.41,7.92
"2025-02-01","H-202","East Park",3.12,2.44,2.1,0,7.66,3.54
"2025-02-02","H-101","Northbank",8.77,8.1,4.36,5.35,15.88,7.55
"2025-02-02","H-102","Northbank",6.07,5.56,3.72,0,15.35,5.96
"2025-02-02","H-201","East Park",11.84,10.08,7.36,7.54,21.74,9.82
"2025-02-02","H-202","East Park",4.67,4.03,2.71,0,11.41,4.75
"2025-02-03","H-101","Northbank",8.04,7.18,4.74,4.75,15.21,7.11
"2025-02-03","H-102","Northbank",5.21,5.29,2.88,0,13.39,5.37
"2025-02-03","H-201","East Park",9.39,9.45,4.88,7.19,16.54,8.16
"2025-02-03","H-202","East Park",3.52,2.87,1.97,0,8.36,3.81
"2025-02-04","H-101","Northbank",6.25,5.56,3.79,5.76,9.85,5.65
"2025-02-04","H-102","Northbank",4.74,4.86,2.78,0,12.38,5.03
"2025-02-04","H-201","East Park",10.92,9.62,5.65,6.67,19.52,9.04
"2025-02-04","H-202","East Park",3.02,2.59,1.86,0,7.47,3.5
"2025-02-05","H-101","Northbank",7.75,6.93,4.94,4.79,14.83,6.95
"2025-02-05","H-102","Northbank",4.62,3.2,2.89,0,10.7,4.53
"2025-02-05","H-201","East Park",7.35,6.82,5.25,8.19,11.24,6.57
"2025-02-05","H-202","East Park",3.29,3.86,2.02,0,9.17,4
"2025-02-06","H-101","Northbank",8.06,6.55,4.87,5.03,14.46,6.94
"2025-02-06","H-102","Northbank",3.73,4.99,2.49,0,11.21,4.59
"2025-02-06","H-201","East Park",8.63,8,4.74,7.64,13.74,7.38
"2025-02-06","H-202","East Park",4.33,3.15,2.68,0,10.16,4.36
"2025-02-07","H-101","Northbank",6.73,7.37,3.9,6.11,11.89,6.35
"2025-02-07","H-102","Northbank",5.14,4.91,3.27,0,13.31,5.3
"2025-02-07","H-201","East Park",10.68,10.07,6.62,7.93,19.44,9.16
"2025-02-07","H-202","East Park",3.54,3.19,2.18,0,8.92,3.95
"2025-02-08","H-101","Northbank",7.46,6.74,3.83,4.51,13.52,6.58
"2025-02-08","H-102","Northbank",5.86,5.55,3.34,0,14.75,5.8
"2025-02-08","H-201","East Park",9.92,9.83,6.26,7.44,18.57,8.74
"2025-02-08","H-202","East Park",4.63,3.58,3.16,0,11.38,4.7
"2025-02-09","H-101","Northbank",8.1,8.37,5.21,4.79,16.89,7.55
"2025-02-09","H-102","Northbank",5.29,5.02,3.58,0,13.89,5.46
"2025-02-09","H-201","East Park",11.9,8.95,6.6,6.66,20.79,9.44
"2025-02-09","H-202","East Park",4.47,3.8,2.52,0,10.79,4.57
"2025-02-10","H-101","Northbank",7.02,6.4,4.61,5.85,12.17,6.35
"2025-02-10","H-102","Northbank",4.45,4.94,2.14,0,11.53,4.81
"2025-02-10","H-201","East Park",9.57,9.77,5.4,7.84,16.9,8.38
"2025-02-10","H-202","East Park",3.04,3.04,1.65,0,7.73,3.59
"2025-02-11","H-101","Northbank",7.45,6.92,4.32,5.65,13.03,6.64
"2025-02-11","H-102","Northbank",5.2,4.11,3.02,0,12.33,5.06
"2025-02-11","H-201","East Park",10.42,12.28,5.77,7.72,20.75,9.52
"2025-02-11","H-202","East Park",3.35,2.9,2.15,0,8.4,3.78
"2025-02-12","H-101","Northbank",6.17,5.8,3.74,4.91,10.81,5.74
"2025-02-12","H-102","Northbank",6.11,4.72,3.3,0,14.13,5.66
"2025-02-12","H-201","East Park",9.65,9.74,6.35,7.87,17.87,8.58
"2025-02-12","H-202","East Park",3.45,3.26,1.93,0,8.64,3.88
"2025-02-13","H-101","Northbank",7.13,7.05,4.13,4.24,14.08,6.61
"2025-02-13","H-102","Northbank",4.53,3.75,3.1,0,11.38,4.69
"2025-02-13","H-201","East Park",9.59,8.15,6.33,6.41,17.66,8.21
"2025-02-13","H-202","East Park",3.24,3.39,1.74,0,8.37,3.79
"2025-02-14","H-101","Northbank",6.4,5.85,3.99,4.93,11.31,5.89
"2025-02-14","H-102","Northbank",5.1,4.81,3.63,0,13.54,5.33
"2025-02-14","H-201","East Park",9.69,9.03,5.06,8.11,15.67,8.14
"2025-02-14","H-202","East Park",3.06,2.72,1.85,0,7.63,3.55
"2025-02-15","H-101","Northbank",7.95,6.53,4.39,4.15,14.71,6.86
"2025-02-15","H-102","Northbank",6.81,5.65,3.67,0,16.13,6.29
"2025-02-15","H-201","East Park",11.13,11.83,6.03,6.1,22.89,9.86
"2025-02-15","H-202","East Park",3.78,2.99,2.59,0,9.36,4.07
"2025-02-16","H-101","Northbank",6.2,6.23,4.22,4.06,12.6,6.02
"2025-02-16","H-102","Northbank",5.1,4.43,3.7,0,13.23,5.24
"2025-02-16","H-201","East Park",12.41,11.85,6.44,7.5,23.2,10.38
"2025-02-16","H-202","East Park",4.16,3.94,2.54,0,10.64,4.48
"2025-02-17","H-101","Northbank",6.14,5.72,4.88,5.64,11.1,5.86
"2025-02-17","H-102","Northbank",4.93,4.25,3.11,0,12.29,5
"2025-02-17","H-201","East Park",7.58,6.39,5.28,7.2,12.04,6.62
"2025-02-17","H-202","East Park",3.34,3.71,1.77,0,8.82,3.93
"2025-02-18","H-101","Northbank",6.45,5.74,3.97,5,11.15,5.87
"2025-02-18","H-102","Northbank",3.5,3.04,2.61,0,9.15,3.97
"2025-02-18","H-201","East Park",8.4,8.49,5.95,7.73,15.1,7.64
"2025-02-18","H-202","East Park",3.61,3.61,2.35,0,9.57,4.12
"2025-02-19","H-101","Northbank",5.44,4.83,3.72,4.55,9.44,5.18
"2025-02-19","H-102","Northbank",4.49,5.28,2.74,0,12.5,5.03
"2025-02-19","H-201","East Park",10.59,11.03,6.8,7,21.42,9.49
"2025-02-19","H-202","East Park",3.14,2.37,2.02,0,7.53,3.52
"2025-02-20","H-101","Northbank",7.45,6.47,4.37,6.45,11.84,6.47
"2025-02-20","H-102","Northbank",5.66,4.66,3.52,0,13.84,5.5
"2025-02-20","H-201","East Park",9.32,8.02,5.41,6.94,15.81,7.85
"2025-02-20","H-202","East Park",3.9,3.35,2,0,9.25,4.11
"2025-02-21","H-101","Northbank",6.81,7.72,3.75,4.83,13.45,6.55
"2025-02-21","H-102","Northbank",4.65,4.05,3.14,0,11.84,4.83
"2025-02-21","H-201","East Park",8.97,8.42,5.32,7.98,14.73,7.73
"2025-02-21","H-202","East Park",3.4,3.66,2.08,0,9.14,4
"2025-02-22","H-101","Northbank",9.31,7.66,5.85,4.87,17.96,7.98
"2025-02-22","H-102","Northbank",5.45,5.11,2.77,0,13.33,5.4
"2025-02-22","H-201","East Park",10.34,9.43,6.67,7.47,18.97,8.88
"2025-02-22","H-202","East Park",3.37,3.11,2.27,0,8.74,3.87
"2025-02-23","H-101","Northbank",7.63,7.69,4.66,3.28,16.7,7.16
"2025-02-23","H-102","Northbank",5.1,5.84,2.46,0,13.39,5.39
"2025-02-23","H-201","East Park",10.69,9.47,6.46,6.1,20.53,9.09
"2025-02-23","H-202","East Park",3.21,3.18,2.13,0,8.51,3.79
"2025-02-24","H-101","Northbank",6.41,6.41,3.52,3.78,12.56,6.04
"2025-02-24","H-102","Northbank",4.73,4.25,3.53,0,12.51,5
"2025-02-24","H-201","East Park",9.05,8.56,5.04,7.15,15.51,7.81
"2025-02-24","H-202","East Park",4.12,3.24,2.47,0,9.83,4.26
"2025-02-25","H-101","Northbank",6.4,7.03,3.91,5.77,11.57,6.15
"2025-02-25","H-102","Northbank",4.95,4.96,3,0,12.91,5.19
"2025-02-25","H-201","East Park",8.41,8.9,5.75,5.61,17.44,7.87
"2025-02-25","H-202","East Park",3.27,3.86,2.22,0,9.35,4.03
"2025-02-26","H-101","Northbank",6.01,5.5,3.33,3.9,10.94,5.57
"2025-02-26","H-102","Northbank",4.68,4.55,2.71,0,11.94,4.9
"2025-02-26","H-201","East Park",8.72,9.88,5.52,7.98,16.14,8.07
"2025-02-26","H-202","East Park",3.73,2.81,2.44,0,8.98,3.96
"2025-02-27","H-101","Northbank",6.21,6.45,3.59,4.91,11.33,5.9
"2025-02-27","H-102","Northbank",5.75,4.46,3.83,0,14.05,5.54
"2025-02-27","H-201","East Park",9.66,8.71,6.04,8.32,16.09,8.21
"2025-02-27","H-202","East Park",3.12,2.72,1.74,0,7.59,3.56
"2025-02-28","H-101","Northbank",6.95,6.19,4.55,4.57,13.12,6.35
"2025-02-28","H-102","Northbank",4.58,3.74,2.84,0,11.17,4.66
"2025-02-28","H-201","East Park",11.09,8.71,6.24,7.44,18.6,8.91
"2025-02-28","H-202","East Park",3.34,2.96,1.83,0,8.13,3.73
"2025-03-01","H-101","Northbank",7.59,8.02,4.72,4.92,15.41,7.14
"2025-03-01","H-102","Northbank",4.87,4.55,3.16,0,12.58,5.07
"2025-03-01","H-201","East Park",10.35,10.92,7.03,7.34,20.96,9.38
"2025-03-01","H-202","East Park",3.25,3.08,2.12,0,8.45,3.78
"2025-03-02","H-101","Northbank",7.17,6.78,4.28,6.29,11.94,6.43
"2025-03-02","H-102","Northbank",5.15,5.46,3.02,0,13.63,5.42
"2025-03-02","H-201","East Park",9.02,8.86,5.3,7.08,16.1,7.93
"2025-03-02","H-202","East Park",4.1,4.39,2.15,0,10.63,4.51
"2025-03-03","H-101","Northbank",7.49,5.93,5.36,4.79,13.99,6.64
"2025-03-03","H-102","Northbank",4.5,4.37,2.49,0,11.36,4.74
"2025-03-03","H-201","East Park",8.87,8.86,5.36,6.99,16.1,7.88
"2025-03-03","H-202","East Park",2.93,2.48,1.87,0,7.28,3.43
"2025-03-04","H-101","Northbank",5.74,6.42,3.7,4.22,11.64,5.77
"2025-03-04","H-102","Northbank",4.41,3.8,2.52,0,10.72,4.54
"2025-03-04","H-201","East Park",8.78,8.86,4.41,8.07,13.98,7.59
"2025-03-04","H-202","East Park",2.81,3.13,1.77,0,7.71,3.54
"2025-03-05","H-101","Northbank",5.65,6.58,3.98,4.54,11.67,5.8
"2025-03-05","H-102","Northbank",4.86,4.26,2.82,0,11.93,4.92
"2025-03-05","H-201","East Park",7.86,7.52,4.61,6.03,13.97,7.01
"2025-03-05","H-202","East Park",3.13,2.75,1.86,0,7.74,3.59
"2025-03-06","H-101","Northbank",6.62,6.35,3.71,2.72,13.96,6.22
"2025-03-06","H-102","Northbank",4.51,5.12,2.5,0,12.13,4.95
"2025-03-06","H-201","East Park",11.47,8.3,6.62,7.35,19.03,9.03
"2025-03-06","H-202","East Park",3.59,3.4,2,0,8.98,3.99
"2025-03-07","H-101","Northbank",6.41,6.08,4.22,4.96,11.75,6
"2025-03-07","H-102","Northbank",4.21,4.03,2.92,0,11.15,4.6
"2025-03-07","H-201","East Park",7.11,7.05,4.7,5.83,13.03,6.59
"2025-03-07","H-202","East Park",3.25,3.16,2,0,8.4,3.78
"2025-03-08","H-101","Northbank",8.33,7.67,5.57,3.68,17.88,7.6
"2025-03-08","H-102","Northbank",4.84,4.93,3.59,0,13.36,5.25
"2025-03-08","H-201","East Park",10.48,10.55,7,5.79,22.24,9.43
"2025-03-08","H-202","East Park",3.88,3.59,2.44,0,9.91,4.25
"2025-03-09","H-101","Northbank",8.02,6.42,4.62,4.4,14.67,6.89
"2025-03-09","H-102","Northbank",5.17,4.6,3.33,0,13.1,5.24
"2025-03-09","H-201","East Park",10.88,8.96,6.41,5.71,20.54,9.05
"2025-03-09","H-202","East Park",4.6,4.21,2.96,0,11.78,4.83
"2025-03-10","H-101","Northbank",6.12,6.72,2.95,3.51,12.28,5.92
"2025-03-10","H-102","Northbank",4.6,4.44,2.45,0,11.49,4.79
"2025-03-10","H-201","East Park",9.53,8.19,5.6,6.24,17.07,8.07
"2025-03-10","H-202","East Park",3.37,2.96,1.85,0,8.17,3.74
"2025-03-11","H-101","Northbank",6.2,5.85,4.61,4.68,11.98,5.94
"2025-03-11","H-102","Northbank",4.54,4.5,3.05,0,12.09,4.9
"2025-03-11","H-201","East Park",10.25,9.35,5.11,6.87,17.84,8.56
"2025-03-11","H-202","East Park",3.13,3.1,1.83,0,8.06,3.68
"2025-03-12","H-101","Northbank",6.37,6.8,4.17,3.6,13.73,6.27
"2025-03-12","H-102","Northbank",3.67,3.81,2.58,0,10.06,4.25
"2025-03-12","H-201","East Park",9.57,9.48,5.17,6.35,17.86,8.36
"2025-03-12","H-202","East Park",3.24,2.82,1.75,0,7.81,3.63
"2025-03-13","H-101","Northbank",6.56,6.02,3.76,2.97,13.37,6.1
"2025-03-13","H-102","Northbank",4.37,5.16,2.8,0,12.33,4.96
"2025-03-13","H-201","East Park",9.53,8.75,5.59,6.73,17.13,8.19
"2025-03-13","H-202","East Park",3.72,3.29,2.41,0,9.42,4.09
"2025-03-14","H-101","Northbank",6.47,6.1,3.7,4.53,11.74,5.96
"2025-03-14","H-102","Northbank",3.74,3.97,2.6,0,10.31,4.33
"2025-03-14","H-201","East Park",8.96,6.61,5.41,6.64,14.34,7.33
"2025-03-14","H-202","East Park",3.84,2.87,2.64,0,9.35,4.07
"2025-03-15","H-101","Northbank",5.31,5.39,3.28,3.5,10.48,5.27
"2025-03-15","H-102","Northbank",5.36,4.46,3.16,0,12.98,5.25
"2025-03-15","H-201","East Park",8.22,8.54,6.21,4.96,18,7.83
"2025-03-15","H-202","East Park",3.19,3.21,2.04,0,8.44,3.78
"2025-03-16","H-101","Northbank",6.55,5.87,4.05,3.32,13.15,6.08
"2025-03-16","H-102","Northbank",4.7,4.26,2.82,0,11.78,4.85
"2025-03-16","H-201","East Park",8.34,8.6,4.55,4.28,17.21,7.63
"2025-03-16","H-202","East Park",2.99,3.55,2.2,0,8.73,3.82
"2025-03-17","H-101","Northbank",5.42,5.04,3.6,5.13,8.93,5.16
"2025-03-17","H-102","Northbank",4.39,4,2.92,0,11.31,4.67
"2025-03-17","H-201","East Park",9.19,7.48,6.26,6.32,16.6,7.85
"2025-03-17","H-202","East Park",2.99,2.91,1.92,0,7.82,3.59
"2025-03-18","H-101","Northbank",6.97,7.24,4.07,4.76,13.52,6.54
"2025-03-18","H-102","Northbank",3.88,4.18,2.34,0,10.39,4.39
"2025-03-18","H-201","East Park",8.48,7.74,4.91,5.24,15.88,7.44
"2025-03-18","H-202","East Park",3.13,3.3,1.95,0,8.37,3.76
"2025-03-19","H-101","Northbank",5.91,5.2,3.23,3.84,10.51,5.43
"2025-03-19","H-102","Northbank",4.16,3.96,2.56,0,10.68,4.49
"2025-03-19","H-201","East Park",9.72,7.9,5.83,5.25,18.2,8.19
"2025-03-19","H-202","East Park",2.96,2.85,1.87,0,7.68,3.54
"2025-03-20","H-101","Northbank",5.55,5.07,4.27,3.95,10.94,5.43
"2025-03-20","H-102","Northbank",4.61,4.4,3.07,0,12.07,4.9
"2025-03-20","H-201","East Park",8.01,7.6,4.87,5.71,14.77,7.17
"2025-03-20","H-202","East Park",3.37,3.59,2.22,0,9.19,4
"2025-03-21","H-101","Northbank",6.28,6.26,3.85,3.26,13.13,6.04
"2025-03-21","H-102","Northbank",4.55,4.05,2.89,0,11.48,4.74
"2025-03-21","H-201","East Park",7.26,7.71,4.83,5.34,14.46,6.9
"2025-03-21","H-202","East Park",2.59,2.69,1.63,0,6.9,3.3
"2025-03-22","H-101","Northbank",6.21,5.65,3.96,3.99,11.83,5.81
"2025-03-22","H-102","Northbank",4.27,4.43,2.61,0,11.31,4.68
"2025-03-22","H-201","East Park",9.2,7.81,6.08,4.3,18.79,8.05
"2025-03-22","H-202","East Park",3.67,3.26,2.04,0,8.97,3.99
"2025-03-23","H-101","Northbank",7.39,6.14,4.3,2.84,14.99,6.59
"2025-03-23","H-102","Northbank",5.74,5.35,3.66,0,14.76,5.76
"2025-03-23","H-201","East Park",9.47,9.97,5.75,4.12,21.08,8.72
"2025-03-23","H-202","East Park",3.35,2.94,2.19,0,8.48,3.8
"2025-03-24","H-101","Northbank",6.86,5.81,4.11,4.14,12.64,6.15
"2025-03-24","H-102","Northbank",4.61,4.24,2.59,0,11.44,4.77
"2025-03-24","H-201","East Park",8.53,8.1,4.92,5.92,15.63,7.52
"2025-03-24","H-202","East Park",2.95,3.16,1.91,0,8.02,3.64
"2025-03-25","H-101","Northbank",5.97,5.06,2.85,3.44,10.44,5.38
"2025-03-25","H-102","Northbank",4.04,4.33,2.91,0,11.28,4.61
"2025-03-25","H-201","East Park",8.28,8.45,5.84,5.03,17.54,7.75
"2025-03-25","H-202","East Park",3.34,3.25,1.78,0,8.38,3.8
"2025-03-26","H-101","Northbank",6.1,5.74,4.02,3.11,12.75,5.86
"2025-03-26","H-102","Northbank",3.21,3.35,2.18,0,8.75,3.85
"2025-03-26","H-201","East Park",6.86,7.23,4.9,5.27,13.71,6.62
"2025-03-26","H-202","East Park",2.65,2.85,1.68,0,7.18,3.38
"2025-03-27","H-101","Northbank",6.01,5.85,4.22,4.43,11.66,5.81
"2025-03-27","H-102","Northbank",4.61,4.05,3.2,0,11.87,4.83
"2025-03-27","H-201","East Park",8.7,7.04,6.14,4.6,17.28,7.62
"2025-03-27","H-202","East Park",2.76,3.28,1.7,0,7.74,3.55
"2025-03-28","H-101","Northbank",5.49,5.28,3.12,4.01,9.88,5.24
"2025-03-28","H-102","Northbank",3.98,4.27,2.5,0,10.75,4.49
"2025-03-28","H-201","East Park",6.18,7.58,3.64,5.07,12.33,6.2
"2025-03-28","H-202","East Park",2.92,2.74,1.71,0,7.38,3.47
"2025-03-29","H-101","Northbank",6.17,6.33,4.05,1.63,14.93,6.17
"2025-03-29","H-102","Northbank",4.82,4.77,2.89,0,12.47,5.06
"2025-03-29","H-201","East Park",7.2,7.58,4.01,5.85,12.94,6.65
"2025-03-29","H-202","East Park",3.24,3.24,1.96,0,8.44,3.79
"2025-03-30","H-101","Northbank",7.14,6.92,3.84,3.37,14.53,6.58
"2025-03-30","H-102","Northbank",5.06,4.81,3.32,0,13.19,5.25
"2025-03-30","H-201","East Park",8.28,8.97,5.36,4.95,17.65,7.81
"2025-03-30","H-202","East Park",4.08,4.54,2.52,0,11.14,4.61
"2025-03-31","H-101","Northbank",5.7,4.82,3.53,3.46,10.6,5.32
"2025-03-31","H-102","Northbank",3.81,3.47,2.36,0,9.64,4.17
"2025-03-31","H-201","East Park",7.62,7.39,4.82,5.77,14.06,6.93
"2025-03-31","H-202","East Park",2.84,2.58,1.92,0,7.35,3.43
"2025-04-01","H-101","Northbank",6.3,6.18,3.97,3.47,12.98,6.04
"2025-04-01","H-102","Northbank",4.31,3.47,2.92,0,10.7,4.49
"2025-04-01","H-201","East Park",8.21,7.48,4.69,6.06,14.32,7.16
"2025-04-01","H-202","East Park",3.02,2.6,1.81,0,7.44,3.49
"2025-04-02","H-101","Northbank",5.86,5.35,3.76,3.11,11.86,5.6
"2025-04-02","H-102","Northbank",4.06,3.47,2.72,0,10.25,4.34
"2025-04-02","H-201","East Park",7.43,7.86,4.74,4.81,15.23,7.04
"2025-04-02","H-202","East Park",2.89,2.95,1.69,0,7.53,3.51
"2025-04-03","H-101","Northbank",6.2,4.94,3.62,2.99,11.78,5.62
"2025-04-03","H-102","Northbank",3.52,3.47,2.23,0,9.22,4.02
"2025-04-03","H-201","East Park",7.69,7.16,5,5.21,14.65,6.97
"2025-04-03","H-202","East Park",2.28,2.56,1.23,0,6.07,3.06
"2025-04-04","H-101","Northbank",5.1,4.64,3.41,3.3,9.85,5.01
"2025-04-04","H-102","Northbank",3.67,3.73,2.59,0,9.99,4.23
"2025-04-04","H-201","East Park",8.4,7.88,5.55,4.44,17.4,7.63
"2025-04-04","H-202","East Park",3.45,3.43,1.66,0,8.55,3.88
"2025-04-05","H-101","Northbank",7.56,7.45,5.14,3.97,16.18,7.11
"2025-04-05","H-102","Northbank",4.15,4.16,2.28,0,10.59,4.49
"2025-04-05","H-201","East Park",8.43,8.51,5.02,5.44,16.52,7.65
"2025-04-05","H-202","East Park",3.53,3.33,2.12,0,8.97,3.96
"2025-04-06","H-101","Northbank",7.83,8.28,3.46,3.25,16.33,7.19
"2025-04-06","H-102","Northbank",5.18,4.1,3.01,0,12.28,5.04
"2025-04-06","H-201","East Park",8.13,8.14,5.8,5.05,17.03,7.59
"2025-04-06","H-202","East Park",3.41,3.11,2.19,0,8.72,3.87
"2025-04-07","H-101","Northbank",5.75,4.77,3.24,2.84,10.92,5.32
"2025-04-07","H-102","Northbank",4.29,3.39,2.77,0,10.45,4.43
"2025-04-07","H-201","East Park",6.56,6.7,3.89,4.16,12.98,6.23
"2025-04-07","H-202","East Park",2.92,2.97,1.71,0,7.6,3.53
"2025-04-08","H-101","Northbank",5.57,6.06,3.47,2.98,12.11,5.63
"2025-04-08","H-102","Northbank",4.23,4.1,3.08,0,11.4,4.66
"2025-04-08","H-201","East Park",6.51,7.33,4.01,5.45,12.4,6.32
"2025-04-08","H-202","East Park",2.46,2.29,1.39,0,6.15,3.09
"2025-04-09","H-101","Northbank",4.61,5.89,2.93,3.12,10.31,5.07
"2025-04-09","H-102","Northbank",3.38,3.91,1.91,0,9.19,4.02
"2025-04-09","H-201","East Park",6.76,7.41,4.54,4.12,14.59,6.64
"2025-04-09","H-202","East Park",3.01,3.12,2.15,0,8.29,3.7
"2025-04-10","H-101","Northbank",5.95,6.05,3.34,2.87,12.47,5.77
"2025-04-10","H-102","Northbank",3.86,3.86,2.68,0,10.4,4.36
"2025-04-10","H-201","East Park",6.61,7.13,4.25,5.68,12.31,6.33
"2025-04-10","H-202","East Park",2.75,2.38,1.62,0,6.76,3.28
"2025-04-11","H-101","Northbank",5.22,4.97,3.55,2.82,10.91,5.21
"2025-04-11","H-102","Northbank",3.73,3.86,2.24,0,9.83,4.22
"2025-04-11","H-201","East Park",8.05,8.49,4.59,4.9,16.23,7.44
"2025-04-11","H-202","East Park",3,2.59,1.93,0,7.53,3.5
"2025-04-12","H-101","Northbank",6.33,6.35,4.2,3.21,13.67,6.16
"2025-04-12","H-102","Northbank",4.91,4.02,2.82,0,11.75,4.87
"2025-04-12","H-201","East Park",8.3,8.13,4.27,5.31,15.39,7.35
"2025-04-12","H-202","East Park",3.43,2.72,2.36,0,8.51,3.8
"2025-04-13","H-101","Northbank",6.78,6.18,4.46,2.98,14.44,6.37
"2025-04-13","H-102","Northbank",4.88,5.55,2.64,0,13.07,5.26
"2025-04-13","H-201","East Park",7.39,7.82,4.64,5.69,14.16,6.93
"2025-04-13","H-202","East Park",2.69,3.19,1.75,0,7.63,3.51
"2025-04-14","H-101","Northbank",5.57,6.47,3.54,2.87,12.71,5.77
"2025-04-14","H-102","Northbank",3.06,2.83,2.14,0,8.03,3.63
"2025-04-14","H-201","East Park",8.02,6.47,4.19,5.25,13.42,6.76
"2025-04-14","H-202","East Park",2.98,2.81,1.67,0,7.46,3.51
"2025-04-15","H-101","Northbank",4.59,4.89,3.2,3.12,9.56,4.84
"2025-04-15","H-102","Northbank",4.53,4.7,2.77,0,12,4.89
"2025-04-15","H-201","East Park",7.91,5.86,6.1,5.01,14.86,6.92
"2025-04-15","H-202","East Park",2.66,2.79,1.88,0,7.33,3.41
"2025-04-16","H-101","Northbank",4.9,4.86,2.99,2.69,10.06,4.95
"2025-04-16","H-102","Northbank",3.62,3.7,1.94,0,9.26,4.08
"2025-04-16","H-201","East Park",7.63,7.27,5.16,4.38,15.68,7.06
"2025-04-16","H-202","East Park",2.67,2.69,1.77,0,7.13,3.36
"2025-04-17","H-101","Northbank",5.42,4.63,3.28,1.79,11.55,5.22
"2025-04-17","H-102","Northbank",4.16,3.99,2.43,0,10.58,4.48
"2025-04-17","H-201","East Park",6.61,7.18,3.82,4.15,13.45,6.37
"2025-04-17","H-202","East Park",2.96,2.76,1.6,0,7.32,3.47
"2025-04-18","H-101","Northbank",5.19,5.12,3.41,2.65,11.07,5.22
"2025-04-18","H-102","Northbank",3.82,3.41,2.3,0,9.53,4.15
"2025-04-18","H-201","East Park",8.15,7.88,5.19,3.97,17.25,7.49
"2025-04-18","H-202","East Park",2.96,2.75,1.92,0,7.62,3.53
"2025-04-19","H-101","Northbank",6.59,6.26,4.35,3.05,14.15,6.28
"2025-04-19","H-102","Northbank",4.18,3.51,3.15,0,10.84,4.49
"2025-04-19","H-201","East Park",7.96,7.51,5.45,3.83,17.09,7.36
"2025-04-19","H-202","East Park",3.04,3.3,1.81,0,8.15,3.69
"2025-04-20","H-101","Northbank",6.49,6.53,4.54,2.6,14.97,6.39
"2025-04-20","H-102","Northbank",4.44,4.69,3.28,0,12.41,4.95
"2025-04-20","H-201","East Park",8.69,7.36,4.91,3.93,17.03,7.52
"2025-04-20","H-202","East Park",3.07,3.32,1.89,0,8.28,3.73
"2025-04-21","H-101","Northbank",4.35,4.55,2.53,3.04,8.39,4.52
"2025-04-21","H-102","Northbank",3.1,3.01,2.06,0,8.18,3.69
"2025-04-21","H-201","East Park",7.11,7.92,4.84,3.76,16.12,7.01
"2025-04-21","H-202","East Park",2.46,2.71,1.55,0,6.72,3.24
"2025-04-22","H-101","Northbank",5.55,6.14,4.03,3.21,12.51,5.74
"2025-04-22","H-102","Northbank",2.78,3.32,1.89,0,7.98,3.6
"2025-04-22","H-201","East Park",7.32,7.34,4.05,3.84,14.87,6.78
"2025-04-22","H-202","East Park",2.64,2.84,2.01,0,7.49,3.43
"2025-04-23","H-101","Northbank",6.1,5.69,3.95,2.51,13.23,5.88
"2025-04-23","H-102","Northbank",3.76,3.92,2.25,0,9.93,4.25
"2025-04-23","H-201","East Park",6.46,5.89,3.87,4.16,12.05,5.95
"2025-04-23","H-202","East Park",2.54,2.43,1.51,0,6.48,3.18
"2025-04-24","H-101","Northbank",5.06,5.24,3.46,2.72,11.03,5.21
"2025-04-24","H-102","Northbank",4.52,4.17,2.25,0,10.93,4.64
"2025-04-24","H-201","East Park",6.8,5.95,4.13,3.7,13.18,6.2
"2025-04-24","H-202","East Park",2.68,3.52,1.39,0,7.59,3.52
"2025-04-25","H-101","Northbank",5.21,6.13,2.89,2.66,11.57,5.42
"2025-04-25","H-102","Northbank",4.29,4.12,2.94,0,11.35,4.66
"2025-04-25","H-201","East Park",6.89,7.52,4.45,3.02,15.84,6.78
"2025-04-25","H-202","East Park",3.49,3.33,2.12,0,8.94,3.95
"2025-04-26","H-101","Northbank",7.01,5.75,4.18,2.56,14.38,6.32
"2025-04-26","H-102","Northbank",4.16,4.97,2.73,0,11.86,4.81
"2025-04-26","H-201","East Park",8.6,10.34,5.77,3.52,21.18,8.5
"2025-04-26","H-202","East Park",3.12,3.7,2,0,8.83,3.88
"2025-04-27","H-101","Northbank",6.55,6.06,3.74,2.34,14.01,6.15
"2025-04-27","H-102","Northbank",4.99,4.09,3.37,0,12.45,5.03
"2025-04-27","H-201","East Park",8.46,8.21,4.94,3.56,18.04,7.69
"2025-04-27","H-202","East Park",3.13,3.32,1.69,0,8.14,3.72
"2025-04-28","H-101","Northbank",6.45,6.52,3.48,1.7,14.75,6.23
"2025-04-28","H-102","Northbank",4.31,4.42,2.61,0,11.34,4.69
"2025-04-28","H-201","East Park",7.46,7.04,4.51,3.29,15.72,6.88
"2025-04-28","H-202","East Park",3,3.02,1.69,0,7.71,3.58
"2025-04-29","H-101","Northbank",6.82,6.8,3.35,2.45,14.52,6.38
"2025-04-29","H-102","Northbank",3.33,4.24,1.98,0,9.55,4.11
"2025-04-29","H-201","East Park",9.3,6.08,5.72,3.88,17.22,7.57
"2025-04-29","H-202","East Park",3.23,2.51,1.95,0,7.69,3.58
"2025-04-30","H-101","Northbank",6.21,5.2,4.26,2.43,13.24,5.85
"2025-04-30","H-102","Northbank",3.56,3.7,2.27,0,9.53,4.11
"2025-04-30","H-201","East Park",7.68,6.89,4.63,3.2,16,6.96
"2025-04-30","H-202","East Park",3.02,2.77,2,0,7.8,3.58
"2025-05-01","H-101","Northbank",5.23,5.71,2.98,2.3,11.62,5.35
"2025-05-01","H-102","Northbank",3.72,3.83,2.05,0,9.6,4.17
"2025-05-01","H-201","East Park",6.92,8.33,4.44,3.08,16.61,7.02
"2025-05-01","H-202","East Park",2.92,2.48,1.86,0,7.26,3.42
"2025-05-02","H-101","Northbank",6.55,5.79,4.07,2.41,13.98,6.12
"2025-05-02","H-102","Northbank",3.2,3.18,2.13,0,8.51,3.79
"2025-05-02","H-201","East Park",8.3,7.82,5.51,3.22,18.41,7.65
"2025-05-02","H-202","East Park",3.1,3.69,1.87,0,8.65,3.84
"2025-05-03","H-101","Northbank",5.74,5.32,3.79,2.71,12.15,5.58
"2025-05-03","H-102","Northbank",4.68,4.94,2.45,0,12.07,4.96
"2025-05-03","H-201","East Park",7.95,8.32,4.66,3.56,17.37,7.46
"2025-05-03","H-202","East Park",3.22,3.11,1.84,0,8.17,3.72
"2025-05-04","H-101","Northbank",6.88,7.21,4.11,2.62,15.58,6.66
"2025-05-04","H-102","Northbank",4.5,3.93,2.66,0,11.09,4.64
"2025-05-04","H-201","East Park",7.89,7.39,5.38,3.87,16.78,7.28
"2025-05-04","H-202","East Park",3.69,3.5,2.49,0,9.69,4.16
"2025-05-05","H-101","Northbank",5.06,4.64,3.05,2.16,10.59,5
"2025-05-05","H-102","Northbank",4.39,4.04,2.54,0,10.97,4.61
"2025-05-05","H-201","East Park",7.99,8.97,5.03,2.73,19.26,7.78
"2025-05-05","H-202","East Park",2.91,2.99,2.1,0,8,3.61
"2025-05-06","H-101","Northbank",7.05,7.04,3.7,2.36,15.44,6.62
"2025-05-06","H-102","Northbank",4.09,3.03,2.14,0,9.26,4.12
"2025-05-06","H-201","East Park",7.82,7.54,4.93,2.88,17.41,7.28
"2025-05-06","H-202","East Park",3.44,3.26,2.3,0,9,3.95
"2025-05-07","H-101","Northbank",6.13,5.45,3.92,2.5,13,5.82
"2025-05-07","H-102","Northbank",4.79,4.08,2.64,0,11.5,4.8
"2025-05-07","H-201","East Park",8.42,8.45,5.52,3.59,18.8,7.85
"2025-05-07","H-202","East Park",3.21,3.17,1.8,0,8.17,3.72
"2025-05-08","H-101","Northbank",5.98,5.33,3.97,2.12,13.17,5.76
"2025-05-08","H-102","Northbank",3.06,3.2,2.18,0,8.44,3.74
"2025-05-08","H-201","East Park",8.18,7.98,5.51,2.96,18.71,7.66
"2025-05-08","H-202","East Park",3.2,3.48,1.98,0,8.66,3.84
"2025-05-09","H-101","Northbank",6.38,6.26,3.54,2.09,14.09,6.11
"2025-05-09","H-102","Northbank",3.96,3.92,2.32,0,10.21,4.35
"2025-05-09","H-201","East Park",6.04,4.94,3.78,3.14,11.61,5.57
"2025-05-09","H-202","East Park",3.18,2.98,2.19,0,8.34,3.73
"2025-05-10","H-101","Northbank",7.52,5.68,4.81,1.52,16.49,6.71
"2025-05-10","H-102","Northbank",5,4.25,2.99,0,12.23,5.01
"2025-05-10","H-201","East Park",10.87,9.47,5.52,2.64,23.21,9.23
"2025-05-10","H-202","East Park",3.25,3.11,1.78,0,8.14,3.72
"2025-05-11","H-101","Northbank",8.29,7.22,4.22,2.01,17.72,7.31
"2025-05-11","H-102","Northbank",4.93,4.59,3.17,0,12.69,5.11
"2025-05-11","H-201","East Park",8.96,9.84,6.04,2.74,22.11,8.63
"2025-05-11","H-202","East Park",3.16,3.08,1.78,0,8.02,3.68
"2025-05-12","H-101","Northbank",7.18,5.81,4.48,2.11,15.36,6.5
"2025-05-12","H-102","Northbank",4.69,3.82,2.92,0,11.44,4.75
"2025-05-12","H-201","East Park",8.03,7.91,4.1,2.74,17.29,7.32
"2025-05-12","H-202","East Park",3.32,3.01,2.12,0,8.44,3.79
"2025-05-13","H-101","Northbank",6.81,6.09,3.78,1.77,14.9,6.31
"2025-05-13","H-102","Northbank",4.42,4.15,3,0,11.57,4.74
"2025-05-13","H-201","East Park",8.65,6.63,5.61,2.04,18.85,7.56
"2025-05-13","H-202","East Park",3.21,2.64,2.04,0,7.89,3.63
"2025-05-14","H-101","Northbank",6.51,6.6,3.61,1.64,15.09,6.3
"2025-05-14","H-102","Northbank",4.09,3.71,2.53,0,10.33,4.39
"2025-05-14","H-201","East Park",8.4,8.08,5.81,2.59,19.7,7.86
"2025-05-14","H-202","East Park",3.19,2.55,1.76,0,7.5,3.54
"2025-05-15","H-101","Northbank",6.51,6.63,3.87,1.84,15.18,6.35
"2025-05-15","H-102","Northbank",4.17,3.8,2.89,0,10.86,4.52
"2025-05-15","H-201","East Park",8.78,9.22,4.97,3.05,19.91,8.15
"2025-05-15","H-202","East Park",2.77,2.87,1.66,0,7.3,3.43
"2025-05-16","H-101","Northbank",6.45,6.01,3.49,1.45,14.49,6.1
"2025-05-16","H-102","Northbank",4.48,4.12,2.96,0,11.56,4.75
"2025-05-16","H-201","East Park",9.05,10.33,6.02,2.56,22.84,8.81
"2025-05-16","H-202","East Park",3.99,3.75,2.24,0,9.98,4.3
"2025-05-17","H-101","Northbank",8.02,7.12,4.26,2.03,17.36,7.18
"2025-05-17","H-102","Northbank",4.7,4.93,2.97,0,12.6,5.07
"2025-05-17","H-201","East Park",8.79,8.77,5.61,2.62,20.54,8.18
"2025-05-17","H-202","East Park",3.29,3.28,2.05,0,8.62,3.84
"2025-05-18","H-101","Northbank",7.49,7.81,3.59,1.47,17.43,7.06
"2025-05-18","H-102","Northbank",5.41,4.55,3.01,0,12.97,5.27
"2025-05-18","H-201","East Park",10.43,7.08,6.69,2.76,21.44,8.59
"2025-05-18","H-202","East Park",3.88,3.66,2.36,0,9.91,4.26
"2025-05-19","H-101","Northbank",6.47,4.76,4.24,1.56,13.91,5.9
"2025-05-19","H-102","Northbank",3.58,3.39,2.09,0,9.07,4
"2025-05-19","H-201","East Park",8.94,9.46,5.03,1.91,21.52,8.38
"2025-05-19","H-202","East Park",3.27,3.28,2.13,0,8.68,3.85
"2025-05-20","H-101","Northbank",6.52,6.89,3.69,1.46,15.64,6.42
"2025-05-20","H-102","Northbank",5.07,4.51,3.2,0,12.78,5.15
"2025-05-20","H-201","East Park",8.18,8.98,4.86,2.68,19.33,7.84
"2025-05-20","H-202","East Park",3.27,3.09,1.92,0,8.29,3.75
"2025-05-21","H-101","Northbank",7.34,6.44,5.38,1.65,17.51,6.94
"2025-05-21","H-102","Northbank",4.1,3.47,2.35,0,9.93,4.29
"2025-05-21","H-201","East Park",9.99,10.11,5.81,2.15,23.75,9.13
"2025-05-21","H-202","East Park",3.71,3.76,2.13,0,9.61,4.17
"2025-05-22","H-101","Northbank",6.43,5.63,4.31,1.63,14.73,6.13
"2025-05-22","H-102","Northbank",4.22,3.73,2.46,0,10.41,4.43
"2025-05-22","H-201","East Park",10.58,9.82,6.52,1.58,25.34,9.47
"2025-05-22","H-202","East Park",3.11,2.57,1.85,0,7.53,3.53
"2025-05-23","H-101","Northbank",6.39,5.84,3.66,1.41,14.48,6.07
"2025-05-23","H-102","Northbank",4.32,3.79,2.8,0,10.9,4.55
"2025-05-23","H-201","East Park",9.24,8.11,5.16,2.27,20.25,8.13
"2025-05-23","H-202","East Park",3.17,3.34,1.93,0,8.44,3.78
"2025-05-24","H-101","Northbank",7.65,7.29,5.54,1.45,19.02,7.35
"2025-05-24","H-102","Northbank",5.16,5.09,2.83,0,13.08,5.28
"2025-05-24","H-201","East Park",9.78,8.28,5.37,2.24,21.19,8.44
"2025-05-24","H-202","East Park",3.64,3.45,2.25,0,9.34,4.07
"2025-05-25","H-101","Northbank",7.5,6.77,4.86,1.09,18.05,7.05
"2025-05-25","H-102","Northbank",5.42,5.26,2.75,0,13.43,5.42
"2025-05-25","H-201","East Park",9.59,8.32,5.83,2.1,21.64,8.47
"2025-05-25","H-202","East Park",3.64,3.65,2.14,0,9.42,4.11
"2025-05-26","H-101","Northbank",6.01,5.95,3.29,1.24,14.01,5.88
"2025-05-26","H-102","Northbank",4.21,4.97,2.81,0,11.99,4.84
"2025-05-26","H-201","East Park",8.99,9.04,4.67,1.6,21.1,8.23
"2025-05-26","H-202","East Park",3.34,3.49,2.18,0,9.02,3.95
"2025-05-27","H-101","Northbank",6.67,6.73,4.9,1.52,16.78,6.66
"2025-05-27","H-102","Northbank",4.55,3.84,3.07,0,11.46,4.72
"2025-05-27","H-201","East Park",8.57,8.19,5.64,2.43,19.98,7.95
"2025-05-27","H-202","East Park",3.41,2.57,1.97,0,7.94,3.67
"2025-05-28","H-101","Northbank",5.61,6.72,3.5,1.4,14.44,5.96
"2025-05-28","H-102","Northbank",3.93,3.74,2.38,0,10.06,4.3
"2025-05-28","H-201","East Park",11.36,9.02,6.83,1.48,25.74,9.64
"2025-05-28","H-202","East Park",3.74,3.38,2.4,0,9.53,4.13
"2025-05-29","H-101","Northbank",7.07,4.98,4.47,1.1,15.43,6.29
"2025-05-29","H-102","Northbank",4.64,4.31,2.74,0,11.69,4.83
"2025-05-29","H-201","East Park",10.19,9.37,6.67,1.52,24.7,9.21
"2025-05-29","H-202","East Park",2.95,3.22,2,0,8.18,3.67
"2025-05-30","H-101","Northbank",7.11,6.42,4.81,1.25,17.09,6.76
"2025-05-30","H-102","Northbank",4.32,4.89,2.28,0,11.49,4.77
"2025-05-30","H-201","East Park",8.36,7.37,5.28,2.08,18.92,7.58
"2025-05-30","H-202","East Park",4.17,3.38,2.22,0,9.78,4.27
"2025-05-31","H-101","Northbank",8.29,6.33,4.26,1.25,17.63,7.13
"2025-05-31","H-102","Northbank",5.65,5,3.51,0,14.15,5.59
"2025-05-31","H-201","East Park",9.84,8.3,5.23,1.86,21.51,8.47
"2025-05-31","H-202","East Park",4.36,4.33,2.7,0,11.39,4.71
"2025-06-01","H-101","Northbank",8.53,6.32,4.23,0.96,18.12,7.24
"2025-06-01","H-102","Northbank",5.8,5.64,3.36,0,14.79,5.8
"2025-06-01","H-201","East Park",9.04,9.44,4.82,1.66,21.65,8.39
"2025-06-01","H-202","East Park",4.07,3.43,2.53,0,10.03,4.3
"2025-06-02","H-101","Northbank",7.49,7.71,4.3,1.11,18.4,7.2
"2025-06-02","H-102","Northbank",4.11,4.02,2.46,0,10.59,4.47
"2025-06-02","H-201","East Park",7.4,9.07,4.82,2.07,19.22,7.57
"2025-06-02","H-202","East Park",3.25,2.83,2,0,8.07,3.68
"2025-06-03","H-101","Northbank",7.53,6.27,4.62,0.99,17.43,6.88
"2025-06-03","H-102","Northbank",5.13,4.24,2.91,0,12.28,5.05
"2025-06-03","H-201","East Park",10.44,8.45,5.57,1.77,22.68,8.83
"2025-06-03","H-202","East Park",3.16,3.7,1.97,0,8.83,3.89
"2025-06-04","H-101","Northbank",7.81,7.43,5.3,1.09,19.46,7.44
"2025-06-04","H-102","Northbank",4.72,4.38,2.71,0,11.8,4.87
"2025-06-04","H-201","East Park",7.45,8.34,5.11,1.71,19.2,7.47
"2025-06-04","H-202","East Park",3.59,3.35,2.2,0,9.14,4.01
"2025-06-05","H-101","Northbank",7.27,4.8,4.99,0.95,16.12,6.43
"2025-06-05","H-102","Northbank",5.67,4.69,3.4,0,13.77,5.49
"2025-06-05","H-201","East Park",9.56,7.54,6.49,1.47,22.12,8.41
"2025-06-05","H-202","East Park",3.44,3.36,2.09,0,8.89,3.93
"2025-06-06","H-101","Northbank",7.46,6.8,3.99,0.71,17.54,6.9
"2025-06-06","H-102","Northbank",5.26,4.25,3.25,0,12.76,5.17
"2025-06-06","H-201","East Park",9.95,9.64,5.47,1.71,23.35,8.95
"2025-06-06","H-202","East Park",3.23,2.7,2.27,0,8.2,3.7
"2025-06-07","H-101","Northbank",8.12,7.28,4.56,1.29,18.67,7.37
"2025-06-07","H-102","Northbank",5.14,5.36,3.14,0,13.64,5.4
"2025-06-07","H-201","East Park",10.4,10.94,6.67,1.14,26.87,9.77
"2025-06-07","H-202","East Park",3.93,4.18,2.37,0,10.48,4.42
"2025-06-08","H-101","Northbank",8.08,7.29,4.11,0.99,18.5,7.3
"2025-06-08","H-102","Northbank",4.75,3.96,2.74,0,11.45,4.77
"2025-06-08","H-201","East Park",11.99,11.58,7.9,1.18,30.29,10.85
"2025-06-08","H-202","East Park",4.03,3.65,2.5,0,10.19,4.34
"2025-06-09","H-101","Northbank",6.65,7.53,3.96,0.97,17.17,6.74
"2025-06-09","H-102","Northbank",5.6,4.47,3.05,0,13.12,5.33
"2025-06-09","H-201","East Park",9.54,7.41,6.07,1.21,21.8,8.3
"2025-06-09","H-202","East Park",4.11,3.5,2.44,0,10.05,4.32
"2025-06-10","H-101","Northbank",7.82,5.57,5.08,0.99,17.49,6.89
"2025-06-10","H-102","Northbank",4.65,4.42,3.2,0,12.27,4.95
"2025-06-10","H-201","East Park",8.6,9.42,5.7,1.2,22.52,8.4
"2025-06-10","H-202","East Park",3.02,2.89,1.87,0,7.78,3.58
"2025-06-11","H-101","Northbank",7.49,6.45,4.15,0.74,17.35,6.84
"2025-06-11","H-102","Northbank",4.63,4.02,2.84,0,11.48,4.76
"2025-06-11","H-201","East Park",8.69,8.64,6.08,1.19,22.22,8.29
"2025-06-11","H-202","East Park",3.48,3.22,2.34,0,9.05,3.96
"2025-06-12","H-101","Northbank",6.85,7.23,4.12,0.81,17.39,6.78
"2025-06-12","H-102","Northbank",4.68,4.45,2.66,0,11.79,4.87
"2025-06-12","H-201","East Park",9.93,9.64,7.13,1.31,25.39,9.28
"2025-06-12","H-202","East Park",2.91,3.26,1.93,0,8.11,3.65
"2025-06-13","H-101","Northbank",6.32,6.51,4.53,0.84,16.52,6.43
"2025-06-13","H-102","Northbank",4.8,4.65,3.01,0,12.47,5.04
"2025-06-13","H-201","East Park",9.63,8.31,6.33,1.57,22.69,8.61
"2025-06-13","H-202","East Park",3.63,4.14,2.22,0,9.99,4.26
"2025-06-14","H-101","Northbank",8.93,7.64,5.13,0.96,20.74,7.95
"2025-06-14","H-102","Northbank",5.72,4.87,3.67,0,14.27,5.61
"2025-06-14","H-201","East Park",10.17,9.72,7.23,0.91,26.21,9.45
"2025-06-14","H-202","East Park",4.39,4.97,2.62,0,11.98,4.88
"2025-06-15","H-101","Northbank",7.72,7.74,4.84,0.69,19.61,7.43
"2025-06-15","H-102","Northbank",5.47,5.02,2.79,0,13.29,5.39
"2025-06-15","H-201","East Park",12.76,9.53,7.84,1.27,28.86,10.58
"2025-06-15","H-202","East Park",3.87,3.14,2.16,0,9.17,4.07
"2025-06-16","H-101","Northbank",6.47,6.53,3.67,0.85,15.82,6.33
"2025-06-16","H-102","Northbank",4.83,4.34,3.56,0,12.73,5.07
"2025-06-16","H-201","East Park",9.05,8.21,5.5,1.59,21.16,8.18
"2025-06-16","H-202","East Park",3.05,2.66,2.01,0,7.73,3.56
"2025-06-17","H-101","Northbank",7.09,7.05,4.15,0.73,17.56,6.84
"2025-06-17","H-102","Northbank",5.71,4.67,3.67,0,14.05,5.55
"2025-06-17","H-201","East Park",7.88,9.76,4.14,0.92,20.86,7.91
"2025-06-17","H-202","East Park",3.41,3.64,2.05,0,9.1,3.99
"2025-06-18","H-101","Northbank",6.45,6.59,3.74,0.75,16.03,6.36
"2025-06-18","H-102","Northbank",5.84,4.41,3.39,0,13.64,5.48
"2025-06-18","H-201","East Park",8.9,9.23,5.22,1.3,22.05,8.37
"2025-06-18","H-202","East Park",3.31,2.82,1.97,0,8.1,3.7
"2025-06-19","H-101","Northbank",6.75,6.28,4.36,0.88,16.52,6.51
"2025-06-19","H-102","Northbank",5.14,4.81,3.18,0,13.14,5.26
"2025-06-19","H-201","East Park",8.93,7.7,5.21,1.44,20.4,7.95
"2025-06-19","H-202","East Park",3.27,3.16,2.1,0,8.53,3.81
"2025-06-20","H-101","Northbank",5.61,5.87,3.58,1.03,14.02,5.75
"2025-06-20","H-102","Northbank",5.64,4.12,3.31,0,13.07,5.3
"2025-06-20","H-201","East Park",9.35,8.95,6.33,1.1,23.53,8.71
"2025-06-20","H-202","East Park",3.97,3.21,2.27,0,9.46,4.15
"2025-06-21","H-101","Northbank",7.64,8.69,4.62,0.7,20.26,7.62
"2025-06-21","H-102","Northbank",5.93,5.31,3.37,0,14.61,5.77
"2025-06-21","H-201","East Park",11.41,8.73,6.71,1.09,25.76,9.59
"2025-06-21","H-202","East Park",3.74,3.52,2.46,0,9.72,4.18
"2025-06-22","H-101","Northbank",8.56,9.63,5.45,0.95,22.69,8.41
"2025-06-22","H-102","Northbank",6.14,5.42,3.12,0,14.67,5.84
"2025-06-22","H-201","East Park",10.46,11.04,6.5,1.02,26.98,9.8
"2025-06-22","H-202","East Park",4.21,3.43,2.49,0,10.13,4.35
"2025-06-23","H-101","Northbank",6.35,6.22,3.89,0.55,15.91,6.26
"2025-06-23","H-102","Northbank",5.38,4.75,3.04,0,13.16,5.32
"2025-06-23","H-201","East Park",9.59,8.81,5.61,1.19,22.81,8.63
"2025-06-23","H-202","East Park",4.12,3.26,2.8,0,10.18,4.33
"2025-06-24","H-101","Northbank",7.33,6.21,3.91,0.74,16.71,6.66
"2025-06-24","H-102","Northbank",5.51,3.63,4.06,0,13.2,5.25
"2025-06-24","H-201","East Park",10.43,9.62,5.48,1.04,24.48,9.19
"2025-06-24","H-202","East Park",3.66,3.27,1.95,0,8.89,3.98
"2025-06-25","H-101","Northbank",6.75,7.35,3.98,0.67,17.42,6.75
"2025-06-25","H-102","Northbank",5.08,4.31,3.38,0,12.77,5.13
"2025-06-25","H-201","East Park",10.05,9.56,6.04,1.26,24.4,9.11
"2025-06-25","H-202","East Park",3.76,3.53,2.06,0,9.35,4.11
"2025-06-26","H-101","Northbank",7.13,6.75,4.13,0.61,17.4,6.78
"2025-06-26","H-102","Northbank",5.25,4.23,3.29,0,12.77,5.17
"2025-06-26","H-201","East Park",8.72,8.42,5.98,0.82,22.31,8.25
"2025-06-26","H-202","East Park",3.32,2.87,2.34,0,8.54,3.79
"2025-06-27","H-101","Northbank",7.5,7.2,4.85,0.71,18.83,7.19
"2025-06-27","H-102","Northbank",4.62,4.31,2.92,0,11.85,4.85
"2025-06-27","H-201","East Park",9.26,8.14,5.7,1.14,21.96,8.32
"2025-06-27","H-202","East Park",3.87,3.27,2.39,0,9.53,4.14
"2025-06-28","H-101","Northbank",9.67,7.85,5.14,0.54,22.12,8.35
"2025-06-28","H-102","Northbank",5.6,4.67,3.54,0,13.8,5.48
"2025-06-28","H-201","East Park",13.03,10.52,7.42,1.13,29.83,10.9
"2025-06-28","H-202","East Park",3.46,3.1,2.1,0,8.66,3.87
"2025-06-29","H-101","Northbank",9.02,6.78,6.18,0.6,21.38,7.97
"2025-06-29","H-102","Northbank",5.52,5.32,3.52,0,14.37,5.63
"2025-06-29","H-201","East Park",10.3,8.38,6.77,0.88,24.58,9.05
"2025-06-29","H-202","East Park",4.17,3.84,2.41,0,10.43,4.44
"2025-06-30","H-101","Northbank",7.43,7.04,4.59,0.72,18.34,7.06
"2025-06-30","H-102","Northbank",4.94,4.45,2.88,0,12.27,5.02
"2025-06-30","H-201","East Park",10.68,9.89,6.3,0.88,25.98,9.54
"2025-06-30","H-202","East Park",3.45,3.88,2.25,0,9.58,4.11
